VendorID,tpep_pickup_datetime,tpep_dropoff_datetime,passenger_count,trip_distance,RatecodeID,store_and_fwd_flag,PULocationID,DOLocationID,payment_type,fare_amount,extra,mta_tax,tip_amount,tolls_amount,improvement_surcharge,total_amount,congestion_surcharge,airport_fee
1,"1/1/2018, 2:21:05 AM","1/1/2018, 2:24:23 AM",1,0.5,1,N,41,24,2,4.5,0.5,0.5,0,0,0.3,5.8,-,-
1,"1/1/2018, 2:44:55 AM","1/1/2018, 3:03:05 AM",1,2.7,1,N,239,140,2,14,0.5,0.5,0,0,0.3,15.3,-,-
1,"1/1/2018, 2:08:26 AM","1/1/2018, 2:14:21 AM",2,0.8,1,N,262,141,1,6,0.5,0.5,1,0,0.3,8.3,-,-
1,"1/1/2018, 2:20:22 AM","1/1/2018, 2:52:51 AM",1,10.2,1,N,140,257,2,33.5,0.5,0.5,0,0,0.3,34.8,-,-
1,"1/1/2018, 2:09:18 AM","1/1/2018, 2:27:06 AM",2,2.5,1,N,246,239,1,12.5,0.5,0.5,2.75,0,0.3,16.55,-,-
1,"1/1/2018, 2:29:29 AM","1/1/2018, 2:32:48 AM",3,0.5,1,N,143,143,2,4.5,0.5,0.5,0,0,0.3,5.8,-,-
1,"1/1/2018, 2:38:08 AM","1/1/2018, 2:48:24 AM",2,1.7,1,N,50,239,1,9,0.5,0.5,2.05,0,0.3,12.35,-,-
1,"1/1/2018, 2:49:29 AM","1/1/2018, 2:51:53 AM",1,0.7,1,N,239,238,1,4,0.5,0.5,1,0,0.3,6.3,-,-
1,"1/1/2018, 2:56:38 AM","1/1/2018, 3:01:05 AM",1,1,1,N,238,24,1,5.5,0.5,0.5,1.7,0,0.3,8.5,-,-
1,"1/1/2018, 2:17:04 AM","1/1/2018, 2:22:24 AM",1,0.7,1,N,170,170,2,5.5,0.5,0.5,0,0,0.3,6.8,-,-
1,"1/1/2018, 2:41:03 AM","1/1/2018, 2:46:49 AM",1,0.6,1,N,162,229,1,5.5,0.5,0.5,1.35,0,0.3,8.15,-,-
1,"1/1/2018, 2:52:54 AM","1/1/2018, 3:17:33 AM",1,3.5,1,N,141,113,2,16.5,0.5,0.5,0,0,0.3,17.8,-,-
2,"1/1/2018, 2:17:54 AM","1/1/2018, 2:22:05 AM",1,1.04,1,N,137,224,2,5.5,0.5,0.5,0,0,0.3,6.8,-,-
2,"1/1/2018, 2:24:47 AM","1/1/2018, 2:34:20 AM",1,1.22,1,N,224,79,2,7.5,0.5,0.5,0,0,0.3,8.8,-,-
2,"1/1/2018, 2:37:57 AM","1/1/2018, 2:53:43 AM",1,1.92,1,N,234,100,2,10,0.5,0.5,0,0,0.3,11.3,-,-
1,"1/1/2018, 2:35:53 AM","1/1/2018, 2:52:59 AM",1,5.7,1,N,13,189,1,19,0.5,0.5,4.05,0,0.3,24.35,-,-
2,"1/1/2018, 2:30:47 AM","1/1/2018, 3:13:20 AM",1,3.74,1,N,48,236,1,25.5,0.5,0.5,6.7,0,0.3,33.5,-,-
1,"1/1/2018, 2:21:45 AM","1/1/2018, 2:25:58 AM",2,0.6,1,N,163,162,1,4.5,0.5,0.5,1.7,0,0.3,7.5,-,-
1,"1/1/2018, 2:31:11 AM","1/1/2018, 3:07:56 AM",1,10.9,1,N,229,61,2,35,0.5,0.5,0,0,0.3,36.3,-,-
2,"1/1/2018, 2:15:42 AM","1/1/2018, 2:21:38 AM",5,1.22,1,N,236,75,2,6,0.5,0.5,0,0,0.3,7.3,-,-
2,"1/1/2018, 2:25:19 AM","1/1/2018, 2:45:02 AM",5,3.13,1,N,263,143,2,13,0.5,0.5,0,0,0.3,14.3,-,-
2,"1/1/2018, 2:51:36 AM","1/1/2018, 3:04:13 AM",5,2.22,1,N,239,24,2,9.5,0.5,0.5,0,0,0.3,10.8,-,-
2,"1/1/2018, 2:09:11 AM","1/1/2018, 2:30:24 AM",1,2.93,1,N,90,233,1,14.5,0.5,0.5,2,0,0.3,17.8,-,-
2,"1/1/2018, 2:32:00 AM","1/1/2018, 2:58:50 AM",1,3.52,1,N,233,125,2,18,0.5,0.5,0,0,0.3,19.3,-,-
1,"1/1/2018, 2:41:49 AM","1/1/2018, 2:54:44 AM",4,3,1,N,161,146,1,12,0.5,0.5,2.65,0,0.3,15.95,-,-
2,"1/1/2018, 2:17:15 AM","1/1/2018, 2:21:49 AM",5,0.25,1,N,234,234,2,4.5,0.5,0.5,0,0,0.3,5.8,-,-
2,"1/1/2018, 2:24:54 AM","1/1/2018, 2:46:55 AM",5,3.31,1,N,234,143,1,16,0.5,0.5,3.46,0,0.3,20.76,-,-
2,"1/1/2018, 2:48:40 AM","1/1/2018, 2:51:30 AM",5,0.57,1,N,142,239,1,4,0.5,0.5,1.06,0,0.3,6.36,-,-
1,"1/1/2018, 2:24:42 AM","1/1/2018, 2:31:56 AM",2,0.7,1,N,170,162,2,6,0.5,0.5,0,0,0.3,7.3,-,-
1,"1/1/2018, 2:36:09 AM","1/1/2018, 2:43:06 AM",1,1.8,1,N,233,263,2,7.5,0.5,0.5,0,0,0.3,8.8,-,-
1,"1/1/2018, 2:49:20 AM","1/1/2018, 2:57:58 AM",2,1.2,1,N,236,237,2,7.5,0.5,0.5,0,0,0.3,8.8,-,-
1,"1/1/2018, 2:13:37 AM","1/1/2018, 2:23:52 AM",1,2.7,1,N,142,166,1,10.5,0.5,0.5,2.35,0,0.3,14.15,-,-
1,"1/1/2018, 2:33:29 AM","1/1/2018, 3:18:08 AM",2,4.3,1,N,238,249,2,27.5,0.5,0.5,0,0,0.3,28.8,-,-
2,"1/1/2018, 2:15:34 AM","1/1/2018, 2:22:43 AM",1,0.89,1,N,151,238,2,5.5,0.5,0.5,0,0,0.3,6.8,-,-
2,"1/1/2018, 2:25:52 AM","1/1/2018, 2:29:24 AM",1,0.49,1,N,238,238,1,4.5,0.5,0.5,1.45,0,0.3,7.25,-,-
2,"1/1/2018, 2:32:10 AM","1/1/2018, 2:36:07 AM",2,0.8,1,N,238,151,1,5,0.5,0.5,1.26,0,0.3,7.56,-,-
2,"1/1/2018, 2:45:07 AM","1/1/2018, 2:58:29 AM",1,2.09,1,N,238,143,1,11,0.5,0.5,2.46,0,0.3,14.76,-,-
2,"1/1/2018, 2:31:23 AM","1/1/2018, 2:45:38 AM",1,2.32,1,N,186,231,1,11,0.5,0.5,3.08,0,0.3,15.38,-,-
2,"1/1/2018, 2:47:03 AM","1/1/2018, 3:26:24 AM",1,9.49,1,N,231,116,1,35,0.5,0.5,9.08,0,0.3,45.38,-,-
1,"1/1/2018, 2:21:19 AM","1/1/2018, 2:28:33 AM",2,2.5,1,N,141,145,1,9.5,0.5,0.5,2.7,0,0.3,13.5,-,-
1,"1/1/2018, 2:32:45 AM","1/1/2018, 2:47:19 AM",1,4.6,1,N,145,263,1,15.5,0.5,0.5,4.2,0,0.3,21,-,-
1,"1/1/2018, 2:54:40 AM","1/1/2018, 3:03:54 AM",1,3,1,N,141,146,2,10.5,0.5,0.5,0,0,0.3,11.8,-,-
1,"1/1/2018, 2:23:44 AM","1/1/2018, 2:52:12 AM",1,7.3,1,N,90,82,1,26.5,0.5,0.5,1,5.76,0.3,34.56,-,-
1,"1/1/2018, 2:04:17 AM","1/1/2018, 2:15:59 AM",1,1.3,1,N,144,234,1,9,0.5,0.5,2.05,0,0.3,12.35,-,-
1,"1/1/2018, 2:17:41 AM","1/1/2018, 2:41:31 AM",1,0.8,1,N,234,164,2,14.5,0.5,0.5,0,0,0.3,15.8,-,-
1,"1/1/2018, 2:42:46 AM","1/1/2018, 2:44:41 AM",1,0.1,1,N,164,164,2,3,0.5,0.5,0,0,0.3,4.3,-,-
1,"1/1/2018, 2:48:05 AM","1/1/2018, 2:55:15 AM",2,0.2,1,N,164,164,1,6,0.5,0.5,1.45,0,0.3,8.75,-,-
1,"1/1/2018, 2:58:08 AM","1/1/2018, 3:05:33 AM",1,1,1,N,164,68,1,6.5,0.5,0.5,1.5,0,0.3,9.3,-,-
2,"1/1/2018, 2:19:12 AM","1/1/2018, 2:34:49 AM",2,1.13,1,N,237,161,2,10.5,0.5,0.5,0,0,0.3,11.8,-,-
2,"1/1/2018, 2:36:55 AM","1/1/2018, 2:51:58 AM",4,0.41,1,N,161,170,1,10,0.5,0.5,2.26,0,0.3,13.56,-,-
1,"1/1/2018, 2:17:28 AM","1/1/2018, 2:37:38 AM",1,2.8,1,N,142,48,2,14.5,0.5,0.5,0,0,0.3,15.8,-,-
1,"1/1/2018, 2:55:41 AM","1/1/2018, 3:05:35 AM",1,1.2,1,N,68,68,1,8,0.5,0.5,1.85,0,0.3,11.15,-,-
1,"1/1/2018, 2:32:46 AM","1/1/2018, 2:49:10 AM",1,1.2,1,N,234,90,1,11,0.5,0.5,1.7,0,0.3,14,-,-
2,"1/1/2018, 2:22:51 AM","1/1/2018, 2:30:34 AM",1,2.09,1,N,263,233,1,8.5,0.5,0.5,1,0,0.3,10.8,-,-
2,"1/1/2018, 2:56:42 AM","1/1/2018, 3:00:17 AM",1,0.79,1,N,236,239,1,5,0.5,0.5,1.26,0,0.3,7.56,-,-
2,"1/1/2018, 2:13:17 AM","1/1/2018, 2:30:22 AM",2,2.84,1,N,234,13,1,13,0.5,0.5,2.86,0,0.3,17.16,-,-
2,"1/1/2018, 2:32:59 AM","1/1/2018, 2:43:19 AM",4,1.56,1,N,13,148,2,8.5,0.5,0.5,0,0,0.3,9.8,-,-
2,"1/1/2018, 2:51:26 AM","1/1/2018, 3:00:53 AM",2,1.76,1,N,144,88,1,8.5,0.5,0.5,2.45,0,0.3,12.25,-,-
2,"1/1/2018, 3:02:39 AM","1/1/2018, 3:04:02 AM",2,0.09,1,N,87,87,4,-3,-0.5,-0.5,0,0,-0.3,-4.3,-,-
2,"1/1/2018, 3:02:39 AM","1/1/2018, 3:04:02 AM",2,0.09,1,N,87,87,2,3,0.5,0.5,0,0,0.3,4.3,-,-
1,"1/1/2018, 2:23:47 AM","1/1/2018, 2:34:28 AM",1,6,1,N,247,213,2,17.5,0.5,0.5,0,0,0.3,18.8,-,-
1,"1/1/2018, 2:38:57 AM","1/1/2018, 2:39:00 AM",1,6,1,N,213,213,2,2.5,0.5,0.5,0,0,0.3,3.8,-,-
1,"1/1/2018, 2:48:59 AM","1/1/2018, 2:49:00 AM",1,6,1,N,213,213,2,2.5,0.5,0.5,0,0,0.3,3.8,-,-
1,"1/1/2018, 2:20:53 AM","1/1/2018, 2:20:53 AM",1,0,1,N,161,264,2,14.5,0.5,0.5,0,0,0.3,15.8,-,-
2,"1/1/2018, 2:08:50 AM","1/1/2018, 2:12:03 AM",6,1.43,1,N,75,74,2,6,0.5,0.5,0,0,0.3,7.3,-,-
2,"1/1/2018, 2:21:18 AM","1/1/2018, 2:24:27 AM",6,0.6,1,N,262,236,1,4.5,0.5,0.5,2,0,0.3,7.8,-,-
2,"1/1/2018, 2:26:54 AM","1/1/2018, 2:29:52 AM",6,0.49,1,N,236,263,1,4,0.5,0.5,1.06,0,0.3,6.36,-,-
1,"1/1/2018, 2:55:15 AM","1/1/2018, 3:04:17 AM",2,1.5,1,N,114,224,1,8,0.5,0.5,1.86,0,0.3,11.16,-,-
1,"1/1/2018, 2:17:15 AM","1/1/2018, 2:37:37 AM",1,4.4,1,N,107,25,1,17,0.5,0.5,5.45,0,0.3,23.75,-,-
1,"1/1/2018, 2:54:59 AM","1/1/2018, 2:58:41 AM",1,0.9,1,N,231,158,2,5,0.5,0.5,0,0,0.3,6.3,-,-
1,"1/1/2018, 2:11:46 AM","1/1/2018, 2:24:29 AM",1,2.8,1,N,114,246,1,11.5,0.5,0.5,3.2,0,0.3,16,-,-
1,"1/1/2018, 2:26:48 AM","1/1/2018, 2:42:22 AM",1,4.4,1,N,50,12,1,15.5,0.5,0.5,2.2,0,0.3,19,-,-
1,"1/1/2018, 2:47:32 AM","1/1/2018, 3:06:51 AM",3,6.4,1,N,209,263,1,21,0.5,0.5,3.5,0,0.3,25.8,-,-
2,"1/1/2018, 2:23:24 AM","1/1/2018, 2:27:32 AM",2,0.23,2,N,186,164,2,52,0,0.5,0,0,0.3,52.8,-,-
2,"1/1/2018, 2:27:58 AM","1/1/2018, 2:58:10 AM",1,3.02,1,N,164,142,1,18.5,0.5,0.5,1,0,0.3,20.8,-,-
1,"1/1/2018, 2:15:00 AM","1/1/2018, 2:23:01 AM",1,1.7,1,N,239,24,1,8,0.5,0.5,1.85,0,0.3,11.15,-,-
1,"1/1/2018, 2:27:07 AM","1/1/2018, 2:36:21 AM",1,1.8,1,N,24,263,1,8,0.5,0.5,2.3,0,0.3,11.6,-,-
1,"1/1/2018, 2:40:25 AM","1/1/2018, 2:47:22 AM",1,2.1,1,N,236,162,2,8.5,0.5,0.5,0,0,0.3,9.8,-,-
1,"1/1/2018, 2:58:14 AM","1/1/2018, 3:15:34 AM",1,3,1,N,237,224,1,13,0.5,0.5,2.85,0,0.3,17.15,-,-
2,"1/1/2018, 2:01:22 AM","1/1/2018, 2:02:35 AM",1,0.47,1,N,74,75,2,3.5,0.5,0.5,0,0,0.3,4.8,-,-
2,"1/1/2018, 2:08:20 AM","1/1/2018, 2:14:36 AM",1,1.6,1,N,263,239,1,7,0.5,0.5,1.66,0,0.3,9.96,-,-
2,"1/1/2018, 2:20:16 AM","1/1/2018, 2:53:04 AM",2,4.43,1,N,142,224,1,22.5,0.5,0.5,1,0,0.3,24.8,-,-
2,"1/1/2018, 3:00:12 AM","1/1/2018, 3:01:44 AM",1,0.53,1,N,233,229,2,3.5,0.5,0.5,0,0,0.3,4.8,-,-
1,"1/1/2018, 2:18:31 AM","1/1/2018, 2:23:38 AM",2,0.7,1,N,43,236,1,5.5,0.5,0.5,1.35,0,0.3,8.15,-,-
1,"1/1/2018, 2:28:40 AM","1/1/2018, 2:33:10 AM",1,1.1,1,N,237,162,2,6,0.5,0.5,0,0,0.3,7.3,-,-
1,"1/1/2018, 2:44:11 AM","1/1/2018, 3:14:59 AM",2,2.1,1,N,161,68,1,18.5,0.5,0.5,3.95,0,0.3,23.75,-,-
1,"1/1/2018, 2:27:24 AM","1/1/2018, 2:37:55 AM",1,2.8,1,N,143,166,1,10.5,0.5,0.5,3.5,0,0.3,15.3,-,-
1,"1/1/2018, 2:43:39 AM","1/1/2018, 3:09:38 AM",1,6.8,1,N,151,79,1,24.5,0.5,0.5,5.15,0,0.3,30.95,-,-
2,"1/1/2018, 2:06:47 AM","1/1/2018, 2:09:13 AM",1,0.47,1,N,238,238,2,4,0.5,0.5,0,0,0.3,5.3,-,-
2,"1/1/2018, 2:12:29 AM","1/1/2018, 2:16:56 AM",1,0.88,1,N,238,166,1,5.5,0.5,0.5,1.36,0,0.3,8.16,-,-
2,"1/1/2018, 2:21:33 AM","1/1/2018, 2:39:57 AM",1,6.31,1,N,151,249,2,20.5,0.5,0.5,0,0,0.3,21.8,-,-
2,"1/1/2018, 2:44:01 AM","1/1/2018, 3:02:55 AM",1,3.99,1,N,249,239,1,15.5,0.5,0.5,5.04,0,0.3,21.84,-,-
2,"1/1/2018, 2:11:27 AM","1/1/2018, 2:21:57 AM",1,2.54,1,N,209,66,2,10,0.5,0.5,0,0,0.3,11.3,-,-
2,"1/1/2018, 2:29:24 AM","1/1/2018, 2:48:55 AM",1,4.2,1,N,65,186,2,16.5,0.5,0.5,0,0,0.3,17.8,-,-
1,"1/1/2018, 2:08:10 AM","1/1/2018, 2:12:53 AM",4,0.7,1,N,4,232,2,5,0.5,0.5,0,0,0.3,6.3,-,-
1,"1/1/2018, 2:19:39 AM","1/1/2018, 2:31:58 AM",2,1.3,1,N,232,79,2,9,0.5,0.5,0,0,0.3,10.3,-,-
1,"1/1/2018, 2:35:41 AM","1/1/2018, 2:44:15 AM",1,0.8,1,N,4,148,1,7,0.5,0.5,1.25,0,0.3,9.55,-,-
1,"1/1/2018, 2:46:56 AM","1/1/2018, 2:52:52 AM",1,0.8,1,N,148,4,1,5.5,0.5,0.5,1.35,0,0.3,8.15,-,-
1,"1/1/2018, 2:57:14 AM","1/1/2018, 3:02:57 AM",2,1.1,1,N,4,224,2,6,0.5,0.5,0,0,0.3,7.3,-,-
1,"1/1/2018, 2:12:01 AM","1/1/2018, 2:28:32 AM",2,2.9,1,N,79,233,1,12.5,0.5,0.5,3,0,0.3,16.8,-,-
1,"1/1/2018, 2:36:27 AM","1/1/2018, 2:56:17 AM",2,6.5,1,N,233,13,2,21.5,0.5,0.5,0,0,0.3,22.8,-,-
1,"1/1/2018, 2:58:07 AM","1/1/2018, 3:08:41 AM",3,1.9,1,N,13,249,2,9.5,0.5,0.5,0,0,0.3,10.8,-,-
1,"1/1/2018, 2:31:07 AM","1/1/2018, 2:47:11 AM",1,1.7,1,N,234,170,2,11,0.5,0.5,0,0,0.3,12.3,-,-
1,"1/1/2018, 2:58:26 AM","1/1/2018, 3:04:32 AM",1,1.4,1,N,229,263,2,6.5,0.5,0.5,0,0,0.3,7.8,-,-
1,"1/1/2018, 2:49:19 AM","1/1/2018, 3:11:58 AM",2,9.1,1,N,138,238,1,28,0.5,0.5,7,5.76,0.3,42.06,-,-
2,"1/1/2018, 2:38:33 AM","1/1/2018, 2:41:13 AM",1,0.61,1,N,141,141,1,4,0.5,0.5,1.06,0,0.3,6.36,-,-
2,"1/1/2018, 2:45:13 AM","1/1/2018, 2:50:47 AM",1,0.98,1,N,263,75,1,6,0.5,0.5,1.82,0,0.3,9.12,-,-
2,"1/1/2018, 2:59:59 AM","1/1/2018, 3:05:00 AM",1,0.93,1,N,237,237,1,5.5,0.5,0.5,1.36,0,0.3,8.16,-,-
1,"1/1/2018, 2:09:10 AM","1/1/2018, 2:26:33 AM",2,3.7,1,N,87,189,1,15,0.5,0.5,1,0,0.3,17.3,-,-
1,"1/1/2018, 2:43:46 AM","1/1/2018, 2:54:18 AM",1,1.8,1,N,144,234,2,9,0.5,0.5,0,0,0.3,10.3,-,-
1,"1/1/2018, 2:57:29 AM","1/1/2018, 3:24:38 AM",2,3.1,1,N,234,142,2,17.5,0.5,0.5,0,0,0.3,18.8,-,-
1,"1/1/2018, 2:08:46 AM","1/1/2018, 2:24:07 AM",2,3,1,N,43,162,2,12.5,0.5,0.5,0,0,0.3,13.8,-,-
1,"1/1/2018, 2:28:57 AM","1/1/2018, 2:36:34 AM",2,1.6,1,N,229,263,1,7.5,0.5,0.5,2,0,0.3,10.8,-,-
1,"1/1/2018, 2:38:43 AM","1/1/2018, 2:51:39 AM",1,2.9,1,N,263,170,1,13,0.5,0.5,4.25,0,0.3,18.55,-,-
1,"1/1/2018, 2:27:43 AM","1/1/2018, 2:39:13 AM",2,5.7,1,N,264,264,4,17.5,0.5,0.5,0,0,0.3,18.8,-,-
1,"1/1/2018, 2:45:05 AM","1/1/2018, 2:51:23 AM",3,0.4,1,N,264,264,2,5.5,0.5,0.5,0,0,0.3,6.8,-,-
1,"1/1/2018, 2:18:40 AM","1/1/2018, 2:19:55 AM",2,0.4,1,N,262,262,1,3.5,0.5,0.5,2,0,0.3,6.8,-,-
1,"1/1/2018, 2:21:08 AM","1/1/2018, 2:30:31 AM",1,1.9,1,N,262,239,1,9,0.5,0.5,2.05,0,0.3,12.35,-,-
1,"1/1/2018, 2:36:24 AM","1/1/2018, 3:02:06 AM",2,2.8,1,N,142,170,1,17,0.5,0.5,2.75,0,0.3,21.05,-,-
1,"1/1/2018, 2:08:49 AM","1/1/2018, 2:35:14 AM",2,5.2,1,N,209,164,1,22,0.5,0.5,5.8,0,0.3,29.1,-,-
1,"1/1/2018, 2:37:13 AM","1/1/2018, 2:59:59 AM",3,2.5,1,N,164,158,2,15,0.5,0.5,0,0,0.3,16.3,-,-
1,"1/1/2018, 2:32:51 AM","1/1/2018, 2:50:22 AM",2,2.5,1,N,234,229,1,13,0.5,0.5,3.55,0,0.3,17.85,-,-
1,"1/1/2018, 2:51:19 AM","1/1/2018, 3:10:28 AM",2,2.7,1,N,229,113,1,13.5,0.5,0.5,2.95,0,0.3,17.75,-,-
1,"1/1/2018, 2:25:58 AM","1/1/2018, 2:46:34 AM",1,3.4,1,N,237,224,2,15.5,0.5,0.5,0,0,0.3,16.8,-,-
2,"1/1/2018, 2:34:46 AM","1/1/2018, 2:52:55 AM",4,2.16,1,N,48,161,1,12.5,0.5,0.5,0,0,0.3,13.8,-,-
2,"1/1/2018, 2:53:46 AM","1/1/2018, 3:18:43 AM",4,1.77,1,N,161,164,2,15,0.5,0.5,0,0,0.3,16.3,-,-
1,"1/1/2018, 2:17:12 AM","1/1/2018, 2:36:26 AM",2,0.5,1,N,164,186,1,12,0.5,0.5,2.65,0,0.3,15.95,-,-
1,"1/1/2018, 2:40:10 AM","1/1/2018, 3:03:24 AM",1,3.2,1,N,186,140,3,16,0.5,0.5,0,0,0.3,17.3,-,-
1,"1/1/2018, 2:17:50 AM","1/1/2018, 2:25:26 AM",2,1.5,1,N,237,229,1,7,0.5,0.5,2.05,0,0.3,10.35,-,-
1,"1/1/2018, 2:29:06 AM","1/1/2018, 2:31:21 AM",1,0.4,1,N,229,140,1,3.5,0.5,0.5,1.4,0,0.3,6.2,-,-
1,"1/1/2018, 2:36:50 AM","1/1/2018, 2:46:24 AM",1,2.6,1,N,141,238,1,10,0.5,0.5,3.35,0,0.3,14.65,-,-
1,"1/1/2018, 2:48:19 AM","1/1/2018, 2:56:39 AM",2,1.3,1,N,238,239,1,8,0.5,0.5,1.85,0,0.3,11.15,-,-
1,"1/1/2018, 2:59:28 AM","1/1/2018, 3:05:02 AM",1,1.1,1,N,239,238,1,6,0.5,0.5,1.5,0,0.3,8.8,-,-
1,"1/1/2018, 2:14:34 AM","1/1/2018, 2:24:56 AM",1,2.7,1,N,263,170,1,10.5,0.5,0.5,1,0,0.3,12.8,-,-
1,"1/1/2018, 2:32:46 AM","1/1/2018, 2:51:05 AM",1,4.7,1,N,170,202,1,16.5,0.5,0.5,5.3,0,0.3,23.1,-,-
1,"1/1/2018, 2:35:15 AM","1/1/2018, 3:10:21 AM",2,5.5,1,N,144,239,2,24,0.5,0.5,0,0,0.3,25.3,-,-
1,"1/1/2018, 2:15:32 AM","1/1/2018, 2:20:17 AM",1,0.9,1,N,144,231,1,5.5,0.5,0.5,1.35,0,0.3,8.15,-,-
1,"1/1/2018, 2:23:33 AM","1/1/2018, 2:43:25 AM",2,4.5,1,N,231,143,1,17,0.5,0.5,3.65,0,0.3,21.95,-,-
1,"1/1/2018, 2:55:42 AM","1/1/2018, 2:57:32 AM",1,0.4,1,N,239,238,1,3.5,0.5,0.5,0.96,0,0.3,5.76,-,-
2,"1/1/2018, 2:09:38 AM","1/1/2018, 2:24:14 AM",2,1.15,1,N,79,164,2,10,0.5,0.5,0,0,0.3,11.3,-,-
2,"1/1/2018, 2:26:22 AM","1/1/2018, 2:42:54 AM",1,1.17,1,N,164,79,2,11,0.5,0.5,0,0,0.3,12.3,-,-
2,"1/1/2018, 2:46:30 AM","1/1/2018, 2:59:23 AM",2,3.74,1,N,114,88,1,14,0.5,0.5,3.06,0,0.3,18.36,-,-
2,"1/1/2018, 2:32:15 AM","1/1/2018, 2:59:44 AM",1,10.66,1,N,132,61,1,32,0.5,0.5,0,0,0.3,33.3,-,-
2,"1/1/2018, 2:07:53 AM","1/1/2018, 2:31:27 AM",1,3.21,1,N,211,162,2,16,0.5,0.5,0,0,0.3,17.3,-,-
2,"1/1/2018, 2:32:30 AM","1/1/2018, 2:59:24 AM",1,1.7,1,N,162,107,1,16,0.5,0.5,2.6,0,0.3,19.9,-,-
1,"1/1/2018, 2:30:55 AM","1/1/2018, 2:51:04 AM",1,2.3,1,N,249,50,1,13.5,0.5,0.5,2.95,0,0.3,17.75,-,-
1,"1/1/2018, 2:59:57 AM","1/1/2018, 3:07:59 AM",1,1.7,1,N,50,239,1,7.5,0.5,0.5,1,0,0.3,9.8,-,-
2,"1/1/2018, 2:37:31 AM","1/1/2018, 3:24:24 AM",1,22.07,5,N,132,265,1,113,0,0,24.76,10.5,0.3,148.56,-,-
1,"1/1/2018, 2:04:06 AM","1/1/2018, 2:13:04 AM",3,1,1,N,148,113,2,7,0.5,0.5,0,0,0.3,8.3,-,-
1,"1/1/2018, 2:36:26 AM","1/1/2018, 2:50:40 AM",2,3.8,1,N,237,42,1,13.5,0.5,0.5,2,0,0.3,16.8,-,-
1,"1/1/2018, 2:40:13 AM","1/1/2018, 3:31:28 AM",2,16.4,1,N,186,205,2,54,0.5,0.5,0,5.76,0.3,61.06,-,-
2,"1/1/2018, 2:14:09 AM","1/1/2018, 2:25:27 AM",1,1.87,1,N,79,137,1,9,0.5,0.5,1.03,0,0.3,11.33,-,-
2,"1/1/2018, 2:27:43 AM","1/1/2018, 2:40:27 AM",1,2.62,1,N,233,262,2,11.5,0.5,0.5,0,0,0.3,12.8,-,-
2,"1/1/2018, 2:49:39 AM","1/1/2018, 2:57:36 AM",1,1.52,1,N,141,263,2,7.5,0.5,0.5,0,0,0.3,8.8,-,-
2,"1/1/2018, 2:14:05 AM","1/1/2018, 2:17:30 AM",2,0.58,1,N,148,79,1,4,0.5,0.5,1.06,0,0.3,6.36,-,-
2,"1/1/2018, 2:19:15 AM","1/1/2018, 2:36:00 AM",4,3.33,1,N,79,80,1,15,0.5,0.5,3.26,0,0.3,19.56,-,-
2,"1/1/2018, 2:37:06 AM","1/1/2018, 2:55:46 AM",1,4.32,1,N,80,114,2,16.5,0.5,0.5,0,0,0.3,17.8,-,-
2,"1/1/2018, 2:56:18 AM","1/1/2018, 3:02:59 AM",2,1.17,1,N,114,107,1,6.5,0.5,0.5,1,0,0.3,8.8,-,-
2,"1/1/2018, 2:08:11 AM","1/1/2018, 2:40:09 AM",5,4.77,1,N,114,141,1,22,0.5,0.5,20,0,0.3,43.3,-,-
2,"1/1/2018, 2:50:16 AM","1/1/2018, 2:57:26 AM",5,1.37,1,N,263,43,1,7,0.5,0.5,2.49,0,0.3,10.79,-,-
1,"1/1/2018, 2:14:05 AM","1/1/2018, 2:25:20 AM",4,1.3,1,N,113,164,2,8.5,0.5,0.5,0,0,0.3,9.8,-,-
1,"1/1/2018, 2:34:05 AM","1/1/2018, 2:57:56 AM",3,8.2,1,N,170,181,1,26.5,0.5,0.5,6.95,0,0.3,34.75,-,-
1,"1/1/2018, 2:18:09 AM","1/1/2018, 2:28:23 AM",4,1.3,1,N,112,255,3,8.5,0.5,0.5,0,0,0.3,9.8,-,-
1,"1/1/2018, 2:32:47 AM","1/1/2018, 2:51:23 AM",4,4.3,1,N,255,7,2,16.5,0.5,0.5,0,0,0.3,17.8,-,-
2,"1/1/2018, 2:17:58 AM","1/1/2018, 2:20:30 AM",1,0.58,1,N,170,107,2,4,0.5,0.5,0,0,0.3,5.3,-,-
2,"1/1/2018, 2:28:18 AM","1/1/2018, 2:35:07 AM",1,0.9,1,N,234,113,2,6,0.5,0.5,0,0,0.3,7.3,-,-
2,"1/1/2018, 2:44:05 AM","1/1/2018, 3:28:48 AM",1,12.01,1,N,249,126,1,41,0.5,0.5,8.46,0,0.3,50.76,-,-
1,"1/1/2018, 2:26:54 AM","1/1/2018, 2:34:22 AM",2,0.9,1,N,137,170,2,6.5,0.5,0.5,0,0,0.3,7.8,-,-
1,"1/1/2018, 2:20:32 AM","1/1/2018, 2:25:04 AM",1,0.4,1,N,43,43,1,5,0.5,0.5,1.25,0,0.3,7.55,-,-
1,"1/1/2018, 2:28:25 AM","1/1/2018, 3:04:03 AM",1,2,1,N,43,164,2,20.5,0.5,0.5,0,0,0.3,21.8,-,-
2,"1/1/2018, 2:40:59 AM","1/1/2018, 2:48:06 AM",1,0.67,1,N,68,90,1,6,0.5,0.5,1.46,0,0.3,8.76,-,-
2,"1/1/2018, 2:49:47 AM","1/1/2018, 3:15:10 AM",1,2.99,1,N,90,114,1,16.5,0.5,0.5,1,0,0.3,18.8,-,-
1,"1/1/2018, 2:12:15 AM","1/1/2018, 2:17:45 AM",1,0.5,1,N,89,89,2,5.5,0.5,0.5,0,0,0.3,6.8,-,-
1,"1/1/2018, 2:58:09 AM","1/1/2018, 3:35:58 AM",2,24,1,N,132,220,1,65.5,0.5,0.5,18.1,5.76,0.3,90.66,-,-
1,"1/1/2018, 2:08:12 AM","1/1/2018, 2:11:03 AM",2,0.9,1,N,229,141,2,5,0.5,0.5,0,0,0.3,6.3,-,-
1,"1/1/2018, 2:20:55 AM","1/1/2018, 2:44:00 AM",1,12.7,1,N,140,133,2,35.5,0.5,0.5,0,0,0.3,36.8,-,-
2,"1/1/2018, 2:13:03 AM","1/1/2018, 2:18:17 AM",1,0.91,1,N,43,239,1,6,0.5,0.5,1.82,0,0.3,9.12,-,-
2,"1/1/2018, 2:22:55 AM","1/1/2018, 2:40:00 AM",2,3.89,1,N,239,249,1,15,0.5,0.5,4.08,0,0.3,20.38,-,-
2,"1/1/2018, 2:41:53 AM","1/1/2018, 2:54:49 AM",1,1.51,1,N,249,246,1,9,0.5,0.5,2.06,0,0.3,12.36,-,-
2,"1/1/2018, 2:55:55 AM","1/1/2018, 3:17:16 AM",1,3.09,1,N,246,229,1,15,0.5,0.5,4.08,0,0.3,20.38,-,-
1,"1/1/2018, 2:51:43 AM","1/1/2018, 3:00:46 AM",2,2,1,N,249,209,2,8.5,0.5,0.5,0,0,0.3,9.8,-,-
1,"1/1/2018, 2:08:32 AM","1/1/2018, 2:24:52 AM",2,4.4,1,N,264,264,2,16,0.5,0.5,0,0,0.3,17.3,-,-
1,"1/1/2018, 2:29:13 AM","1/1/2018, 2:52:32 AM",2,3.8,1,N,264,264,1,17.5,0.5,0.5,3.75,0,0.3,22.55,-,-
1,"1/1/2018, 2:57:25 AM","1/1/2018, 3:19:30 AM",2,2.7,1,N,264,264,2,15.5,0.5,0.5,0,0,0.3,16.8,-,-
2,"1/1/2018, 2:47:26 AM","1/1/2018, 3:02:43 AM",2,1.93,1,N,161,237,1,11.5,0.5,0.5,1,0,0.3,13.8,-,-
1,"1/1/2018, 2:28:42 AM","1/1/2018, 2:33:51 AM",1,1.4,1,N,13,87,2,6.5,0.5,0.5,0,0,0.3,7.8,-,-
2,"1/1/2018, 2:21:16 AM","1/1/2018, 2:31:23 AM",1,1.54,1,N,249,90,2,8.5,0.5,0.5,0,0,0.3,9.8,-,-
2,"1/1/2018, 2:38:09 AM","1/1/2018, 3:02:09 AM",1,2.11,1,N,234,170,1,14,0.5,0.5,2.5,0,0.3,17.8,-,-
1,"1/1/2018, 2:16:31 AM","1/1/2018, 2:18:27 AM",1,0.2,1,N,162,237,2,3.5,0.5,0.5,0,0,0.3,4.8,-,-
1,"1/1/2018, 2:28:07 AM","1/1/2018, 2:34:45 AM",2,0.9,1,N,237,162,1,6,0.5,0.5,2,0,0.3,9.3,-,-
1,"1/1/2018, 2:52:28 AM","1/1/2018, 3:28:50 AM",0,17.9,2,N,132,262,1,52,0,0.5,20,0,0.3,72.8,-,-
1,"1/1/2018, 2:15:34 AM","1/1/2018, 2:19:33 AM",1,0.7,1,N,264,264,2,5,0.5,0.5,0,0,0.3,6.3,-,-
1,"1/1/2018, 2:23:41 AM","1/1/2018, 2:28:27 AM",1,1.2,1,N,264,264,1,6,0.5,0.5,1.5,0,0.3,8.8,-,-
1,"1/1/2018, 2:40:06 AM","1/1/2018, 2:54:27 AM",2,2.6,1,N,264,264,1,11.5,0.5,0.5,2,0,0.3,14.8,-,-
1,"1/1/2018, 2:28:36 AM","1/1/2018, 2:45:51 AM",2,2.4,1,N,113,161,2,13,0.5,0.5,0,0,0.3,14.3,-,-
1,"1/1/2018, 2:52:14 AM","1/1/2018, 2:56:50 AM",2,0.8,1,N,229,170,1,5,0.5,0.5,1.25,0,0.3,7.55,-,-
2,"1/1/2018, 2:13:02 AM","1/1/2018, 2:25:34 AM",1,2.26,1,N,239,262,2,10,0.5,0.5,0,0,0.3,11.3,-,-
2,"1/1/2018, 2:29:21 AM","1/1/2018, 2:37:30 AM",1,1.82,1,N,262,229,1,8.5,0.5,0.5,2.2,0,0.3,12,-,-
2,"1/1/2018, 2:48:13 AM","1/1/2018, 2:58:06 AM",1,0.5,1,N,163,161,2,7.5,0.5,0.5,0,0,0.3,8.8,-,-
2,"1/1/2018, 2:27:29 AM","1/1/2018, 2:40:56 AM",1,2.74,1,N,239,166,1,12,0.5,0.5,2.66,0,0.3,17.91,-,-
2,"1/1/2018, 2:46:22 AM","1/1/2018, 2:56:19 AM",1,2.16,1,N,151,263,1,9.5,0.5,0.5,2,0,0.3,12.8,-,-
1,"1/1/2018, 2:30:01 AM","1/1/2018, 2:36:37 AM",1,0.6,1,N,237,141,1,6,0.5,0.5,1.45,0,0.3,8.75,-,-
1,"1/1/2018, 2:59:41 AM","1/1/2018, 3:03:30 AM",1,0.8,1,N,141,263,1,5,0.5,0.5,0.88,0,0.3,7.18,-,-
1,"1/1/2018, 2:02:16 AM","1/1/2018, 2:17:26 AM",2,1.7,1,N,234,224,1,11,0.5,0.5,3.05,0,0.3,15.35,-,-
1,"1/1/2018, 2:18:43 AM","1/1/2018, 2:35:07 AM",2,3,1,N,224,140,1,13.5,0.5,0.5,2.2,0,0.3,17,-,-
1,"1/1/2018, 2:42:42 AM","1/1/2018, 2:57:36 AM",2,1.9,1,N,141,164,1,11,0.5,0.5,2.45,0,0.3,14.75,-,-
2,"1/1/2018, 2:14:24 AM","1/1/2018, 2:50:17 AM",2,13.31,1,N,132,25,1,39.5,0.5,0.5,8.16,0,0.3,48.96,-,-
2,"1/1/2018, 2:59:09 AM","1/1/2018, 3:16:32 AM",2,4.64,1,N,52,255,1,17,0.5,0.5,2.74,0,0.3,22.99,-,-
1,"1/1/2018, 2:17:16 AM","1/1/2018, 2:17:49 AM",1,1.3,1,N,142,142,2,2.5,0.5,0.5,0,0,0.3,3.8,-,-
1,"1/1/2018, 2:24:43 AM","1/1/2018, 2:37:58 AM",1,2.4,1,N,237,143,2,11,0.5,0.5,0,0,0.3,12.3,-,-
1,"1/1/2018, 2:42:16 AM","1/1/2018, 2:44:29 AM",2,0.5,1,N,143,239,1,4,0.5,0.5,1.05,0,0.3,6.35,-,-
1,"1/1/2018, 2:46:32 AM","1/1/2018, 2:57:52 AM",2,1.9,1,N,239,142,2,9.5,0.5,0.5,0,0,0.3,10.8,-,-
1,"1/1/2018, 2:06:56 AM","1/1/2018, 2:12:08 AM",1,1.6,1,N,263,229,1,6.5,0.5,0.5,1.95,0,0.3,9.75,-,-
1,"1/1/2018, 2:22:01 AM","1/1/2018, 2:38:24 AM",1,4.2,1,N,141,152,1,15,0.5,0.5,3.25,0,0.3,19.55,-,-
1,"1/1/2018, 2:40:59 AM","1/1/2018, 2:54:03 AM",1,1.7,1,N,166,74,2,10,0.5,0.5,0,0,0.3,11.3,-,-
1,"1/1/2018, 2:59:09 AM","1/1/2018, 3:07:13 AM",1,2.4,1,N,263,229,2,9,0.5,0.5,0,0,0.3,10.3,-,-
1,"1/1/2018, 2:09:20 AM","1/1/2018, 2:15:45 AM",1,1,1,N,229,170,1,6,0.5,0.5,1.45,0,0.3,8.75,-,-
1,"1/1/2018, 2:23:45 AM","1/1/2018, 2:32:28 AM",1,1.2,1,N,170,229,4,7,0.5,0.5,0,0,0.3,8.3,-,-
1,"1/1/2018, 2:42:56 AM","1/1/2018, 2:58:02 AM",1,4.4,1,N,237,42,1,15,0.5,0.5,10,0,0.3,26.3,-,-
2,"1/1/2018, 2:10:35 AM","1/1/2018, 2:44:11 AM",6,1.88,1,N,114,164,1,19.5,0.5,0.5,0,0,0.3,20.8,-,-
2,"1/1/2018, 2:48:19 AM","1/1/2018, 3:17:54 AM",6,1.35,1,N,230,186,2,17.5,0.5,0.5,0,0,0.3,18.8,-,-
2,"1/1/2018, 2:15:46 AM","1/1/2018, 2:19:58 AM",1,0.97,1,N,262,236,2,5.5,0.5,0.5,0,0,0.3,6.8,-,-
2,"1/1/2018, 2:21:34 AM","1/1/2018, 2:25:02 AM",1,1.05,1,N,236,237,1,5,0.5,0.5,1.26,0,0.3,7.56,-,-
2,"1/1/2018, 2:26:12 AM","1/1/2018, 2:34:44 AM",1,1.56,1,N,237,142,1,8,0.5,0.5,1.86,0,0.3,11.16,-,-
1,"1/1/2018, 2:15:58 AM","1/1/2018, 2:20:57 AM",1,0.6,1,N,43,239,1,5,0.5,0.5,1.85,0,0.3,8.15,-,-
1,"1/1/2018, 2:22:13 AM","1/1/2018, 2:35:47 AM",1,1.3,1,N,239,48,2,10.5,0.5,0.5,0,0,0.3,11.8,-,-
1,"1/1/2018, 2:51:22 AM","1/1/2018, 3:03:10 AM",2,2.4,1,N,238,140,1,10.5,0.5,0.5,2.95,0,0.3,14.75,-,-
2,"1/1/2018, 2:28:49 AM","1/1/2018, 2:31:00 AM",1,0.41,1,N,142,142,1,3.5,0.5,0.5,0.96,0,0.3,5.76,-,-
2,"1/1/2018, 2:32:01 AM","1/1/2018, 2:39:32 AM",1,0.74,1,N,142,143,2,6.5,0.5,0.5,0,0,0.3,7.8,-,-
2,"1/1/2018, 2:42:35 AM","1/1/2018, 2:53:27 AM",1,1.68,1,N,143,238,2,9.5,0.5,0.5,0,0,0.3,10.8,-,-
2,"1/1/2018, 2:59:29 AM","1/1/2018, 3:10:14 AM",1,2.16,1,N,239,24,1,10,0.5,0.5,2.26,0,0.3,13.56,-,-
1,"1/1/2018, 2:32:19 AM","1/1/2018, 3:06:22 AM",1,20.8,2,N,132,239,1,52,0,0.5,11.7,5.76,0.3,70.26,-,-
1,"1/1/2018, 2:41:02 AM","1/1/2018, 2:48:54 AM",1,1.7,1,N,82,160,4,7.5,0.5,0.5,0,0,0.3,8.8,-,-
1,"1/1/2018, 2:21:20 AM","1/1/2018, 2:55:02 AM",2,2.5,1,N,237,107,1,20,0.5,0.5,4.25,0,0.3,25.55,-,-
1,"1/1/2018, 2:59:32 AM","1/1/2018, 3:13:53 AM",2,1.5,1,N,234,148,1,10,0.5,0.5,1.13,0,0.3,12.43,-,-
1,"1/1/2018, 2:16:28 AM","1/1/2018, 2:32:41 AM",2,2.6,1,N,239,236,1,12.5,0.5,0.5,2.76,0,0.3,16.56,-,-
1,"1/1/2018, 2:36:04 AM","1/1/2018, 2:53:45 AM",2,3.8,1,N,236,116,1,14.5,0.5,0.5,3.15,0,0.3,18.95,-,-
2,"1/1/2018, 2:22:19 AM","1/1/2018, 2:37:23 AM",1,2.82,1,N,179,82,2,12.5,0.5,0.5,0,0,0.3,13.8,-,-
2,"1/1/2018, 2:52:02 AM","1/1/2018, 3:04:54 AM",1,2.33,1,N,226,7,1,10.5,0.5,0.5,2.95,0,0.3,14.75,-,-
2,"1/1/2018, 2:24:51 AM","1/1/2018, 2:32:56 AM",1,1.46,1,N,113,231,2,7.5,0.5,0.5,0,0,0.3,8.8,-,-
2,"1/1/2018, 2:39:25 AM","1/1/2018, 2:56:41 AM",1,2.23,1,N,211,170,1,12.5,0.5,0.5,2.76,0,0.3,16.56,-,-
2,"1/1/2018, 2:32:59 AM","1/1/2018, 2:53:27 AM",3,5.96,1,N,50,74,2,20,0.5,0.5,0,0,0.3,21.3,-,-
2,"1/1/2018, 2:57:01 AM","1/1/2018, 3:05:26 AM",3,1.35,1,N,74,41,2,7.5,0.5,0.5,0,0,0.3,8.8,-,-
2,"1/1/2018, 2:09:07 AM","1/1/2018, 2:24:29 AM",2,8.69,1,N,138,140,1,24.5,0.5,0.5,6.31,5.76,0.3,37.87,-,-
2,"1/1/2018, 2:07:25 AM","1/1/2018, 2:12:01 AM",1,0.91,1,N,231,144,2,5.5,0.5,0.5,0,0,0.3,6.8,-,-
2,"1/1/2018, 2:12:47 AM","1/1/2018, 2:15:58 AM",1,0.62,1,N,144,211,1,4.5,0.5,0.5,1.74,0,0.3,7.54,-,-
2,"1/1/2018, 2:18:13 AM","1/1/2018, 2:44:45 AM",1,7.65,1,N,211,75,2,27,0.5,0.5,0,0,0.3,28.3,-,-
2,"1/1/2018, 2:53:55 AM","1/1/2018, 2:57:38 AM",1,0.8,1,N,237,236,1,5,0.5,0.5,1.26,0,0.3,7.56,-,-
2,"1/1/2018, 2:40:42 AM","1/1/2018, 2:53:18 AM",1,5.38,1,N,132,203,2,16.5,0.5,0.5,0,0,0.3,17.8,-,-
1,"1/1/2018, 2:20:47 AM","1/1/2018, 2:28:29 AM",1,0.9,1,N,4,232,2,6.5,0.5,0.5,0,0,0.3,7.8,-,-
1,"1/1/2018, 2:34:01 AM","1/1/2018, 2:54:18 AM",1,2.9,1,N,4,68,2,14.5,0.5,0.5,0,0,0.3,15.8,-,-
1,"1/1/2018, 2:55:53 AM","1/1/2018, 3:22:03 AM",1,4.7,1,N,68,65,1,20,0.5,0.5,5.3,0,0.3,26.6,-,-
2,"1/1/2018, 2:08:52 AM","1/1/2018, 2:19:12 AM",1,1.44,1,N,43,170,2,8,0.5,0.5,0,0,0.3,9.3,-,-
2,"1/1/2018, 2:27:04 AM","1/1/2018, 2:47:39 AM",2,2.97,1,N,68,232,1,14.5,0.5,0.5,0,0,0.3,15.8,-,-
2,"1/1/2018, 2:48:25 AM","1/1/2018, 3:07:54 AM",3,3.41,1,N,232,246,2,15,0.5,0.5,0,0,0.3,16.3,-,-
2,"1/1/2018, 3:00:04 AM","1/1/2018, 3:30:20 AM",1,18.4,2,N,132,79,1,52,0,0.5,10.56,0,0.3,63.36,-,-
2,"1/1/2018, 2:23:27 AM","1/1/2018, 2:55:14 AM",2,11.62,1,N,48,20,2,36.5,0.5,0.5,0,0,0.3,37.8,-,-
2,"1/1/2018, 2:34:58 AM","1/1/2018, 2:41:44 AM",2,0.89,1,N,229,161,2,6.5,0.5,0.5,0,0,0.3,7.8,-,-
2,"1/1/2018, 2:43:32 AM","1/1/2018, 2:47:20 AM",2,0.55,1,N,161,237,1,4.5,0.5,0.5,1.16,0,0.3,6.96,-,-
2,"1/1/2018, 2:18:08 AM","1/1/2018, 2:50:52 AM",2,2.41,1,N,43,48,1,20,0.5,0.5,4.26,0,0.3,25.56,-,-
2,"1/1/2018, 2:52:26 AM","1/1/2018, 2:57:08 AM",3,0.17,1,N,48,50,2,4.5,0.5,0.5,0,0,0.3,5.8,-,-
2,"1/1/2018, 2:58:40 AM","1/1/2018, 3:17:24 AM",4,3.72,1,N,50,236,1,15.5,0.5,0.5,3.36,0,0.3,20.16,-,-
1,"1/1/2018, 2:19:57 AM","1/1/2018, 2:31:48 AM",2,2.8,1,N,48,24,1,11,0.5,0.5,3.65,0,0.3,15.95,-,-
1,"1/1/2018, 2:48:07 AM","1/1/2018, 2:56:54 AM",2,1.8,1,N,151,142,1,8,0.5,0.5,0,0,0.3,9.3,-,-
1,"1/1/2018, 2:31:05 AM","1/1/2018, 2:41:35 AM",1,2.5,1,N,144,65,1,11,0.5,0.5,2,0,0.3,14.3,-,-
1,"1/1/2018, 2:50:35 AM","1/1/2018, 2:57:34 AM",1,1.7,1,N,231,234,1,7.5,0.5,0.5,1.75,0,0.3,10.55,-,-
2,"1/1/2018, 2:07:23 AM","1/1/2018, 2:30:15 AM",1,3.72,1,N,229,211,2,16.5,0.5,0.5,0,0,0.3,17.8,-,-
2,"1/1/2018, 2:31:42 AM","1/1/2018, 2:41:11 AM",1,1.41,1,N,211,87,1,8,0.5,0.5,1.86,0,0.3,11.16,-,-
2,"1/1/2018, 2:45:20 AM","1/1/2018, 3:26:04 AM",1,11.62,1,N,45,167,1,37.5,0.5,0.5,4,0,0.3,42.8,-,-
2,"1/1/2018, 2:44:41 AM","1/1/2018, 3:10:07 AM",1,3.68,1,N,164,151,1,17.5,0.5,0.5,0.38,0,0.3,21.13,-,-
1,"1/1/2018, 2:56:14 AM","1/1/2018, 3:28:59 AM",1,2.2,1,N,107,48,1,19.5,0.5,0.5,4.15,0,0.3,24.95,-,-
1,"1/1/2018, 2:11:32 AM","1/1/2018, 2:24:36 AM",2,2.7,1,N,107,232,1,11.5,0.5,0.5,1,0,0.3,13.8,-,-
1,"1/1/2018, 2:31:12 AM","1/1/2018, 2:45:47 AM",2,1.9,1,N,79,158,1,11,0.5,0.5,3.05,0,0.3,15.35,-,-
1,"1/1/2018, 2:49:53 AM","1/1/2018, 2:51:59 AM",4,0.3,1,N,249,158,1,3.5,0.5,0.5,0.95,0,0.3,5.75,-,-
1,"1/1/2018, 2:55:21 AM","1/1/2018, 3:02:16 AM",4,1,1,N,249,246,1,6.5,0.5,0.5,1.56,0,0.3,9.36,-,-
1,"1/1/2018, 2:00:03 AM","1/1/2018, 2:21:06 AM",1,6.1,1,N,255,236,2,20.5,0.5,0.5,0,0,0.3,21.8,-,-
1,"1/1/2018, 2:25:07 AM","1/1/2018, 2:31:37 AM",2,1,1,N,236,262,2,6.5,0.5,0.5,0,0,0.3,7.8,-,-
1,"1/1/2018, 2:34:15 AM","1/1/2018, 2:36:42 AM",4,0.4,1,N,263,262,1,4,0.5,0.5,1.3,0,0.3,6.6,-,-
1,"1/1/2018, 2:45:25 AM","1/1/2018, 2:54:29 AM",4,0.9,1,N,141,140,2,7.5,0.5,0.5,0,0,0.3,8.8,-,-
1,"1/1/2018, 2:57:35 AM","1/1/2018, 3:12:05 AM",4,2.8,1,N,140,238,1,12.5,0.5,0.5,1.5,0,0.3,15.3,-,-
1,"1/1/2018, 2:11:03 AM","1/1/2018, 2:19:44 AM",1,3.1,1,N,263,168,2,11,0.5,0.5,0,0,0.3,12.3,-,-
1,"1/1/2018, 2:33:17 AM","1/1/2018, 2:42:30 AM",1,2.3,1,N,263,151,1,9.5,0.5,0.5,2.7,0,0.3,13.5,-,-
1,"1/1/2018, 2:45:23 AM","1/1/2018, 3:17:47 AM",1,6,1,N,151,113,1,24.5,0.5,0.5,6.45,0,0.3,32.25,-,-
2,"1/1/2018, 2:38:41 AM","1/1/2018, 2:42:12 AM",2,0.48,1,N,79,113,2,4.5,0.5,0.5,0,0,0.3,5.8,-,-
2,"1/1/2018, 2:43:18 AM","1/1/2018, 3:09:13 AM",2,2.92,1,N,113,48,1,17.5,0.5,0.5,1.2,0,0.3,20,-,-
2,"1/1/2018, 2:32:38 AM","1/1/2018, 2:46:20 AM",4,3.1,1,N,148,255,2,12.5,0.5,0.5,0,0,0.3,13.8,-,-
2,"1/1/2018, 2:57:13 AM","1/1/2018, 3:06:20 AM",5,1.47,1,N,232,107,1,8,0.5,0.5,1.86,0,0.3,11.16,-,-
1,"1/1/2018, 2:46:47 AM","1/1/2018, 3:04:34 AM",2,1.4,1,N,48,186,2,12,0,0.5,0,0,0.3,12.8,-,-
1,"1/1/2018, 2:06:56 AM","1/1/2018, 2:18:52 AM",1,1.8,1,N,148,125,1,9.5,0.5,0.5,2.15,0,0.3,12.95,-,-
1,"1/1/2018, 2:26:54 AM","1/1/2018, 2:34:09 AM",1,0.8,1,N,211,148,3,6.5,0.5,0.5,0,0,0.3,7.8,-,-
1,"1/1/2018, 2:50:56 AM","1/1/2018, 3:15:53 AM",1,7.8,1,N,79,129,3,26,0.5,0.5,0,5.76,0.3,33.06,-,-
1,"1/1/2018, 2:46:41 AM","1/1/2018, 3:10:55 AM",1,2.4,1,N,234,186,2,16,0.5,0.5,0,0,0.3,17.3,-,-
2,"1/1/2018, 2:10:02 AM","1/1/2018, 2:25:01 AM",1,1.69,1,N,114,137,1,10.5,0.5,0.5,1.2,0,0.3,13,-,-
1,"1/1/2018, 2:10:56 AM","1/1/2018, 2:25:31 AM",1,0.9,1,N,161,170,1,10,0.5,0.5,1,0,0.3,12.3,-,-
1,"1/1/2018, 2:45:18 AM","1/1/2018, 2:58:18 AM",1,1.5,1,N,170,113,1,9.5,0.5,0.5,1.11,0,0.3,11.91,-,-
1,"1/1/2018, 2:26:25 AM","1/1/2018, 2:34:36 AM",1,1,1,N,158,90,1,6.5,0.5,0.5,1.55,0,0.3,9.35,-,-
1,"1/1/2018, 2:36:33 AM","1/1/2018, 2:42:59 AM",1,0.7,1,N,234,107,2,6,0.5,0.5,0,0,0.3,7.3,-,-
1,"1/1/2018, 2:58:23 AM","1/1/2018, 3:27:41 AM",1,3.8,1,N,249,143,1,20,0.5,0.5,4.25,0,0.3,25.55,-,-
1,"1/1/2018, 2:33:42 AM","1/1/2018, 2:50:59 AM",5,1.8,1,N,264,79,2,11.5,0.5,0.5,0,0,0.3,12.8,-,-
1,"1/1/2018, 2:55:10 AM","1/1/2018, 3:03:22 AM",1,1.3,1,N,79,232,2,7.5,0.5,0.5,0,0,0.3,8.8,-,-
1,"1/1/2018, 2:16:59 AM","1/1/2018, 2:22:33 AM",1,1,1,N,239,238,1,6,0.5,0.5,1.46,0,0.3,8.76,-,-
1,"1/1/2018, 2:25:05 AM","1/1/2018, 2:41:18 AM",1,4.4,1,N,43,158,1,16,0.5,0.5,5.15,0,0.3,22.45,-,-
1,"1/1/2018, 2:53:15 AM","1/1/2018, 3:17:11 AM",1,2.4,1,N,234,50,2,15.5,0.5,0.5,0,0,0.3,16.8,-,-
2,"1/1/2018, 2:24:35 AM","1/1/2018, 2:42:12 AM",1,4.09,1,N,181,148,1,16,0.5,0.5,3.46,0,0.3,20.76,-,-
2,"1/1/2018, 2:45:24 AM","1/1/2018, 2:53:25 AM",1,1.55,1,N,148,107,1,7.5,0.5,0.5,1.76,0,0.3,10.56,-,-
2,"1/1/2018, 2:57:31 AM","1/2/2018, 2:53:25 AM",1,0,1,N,107,107,1,2.5,0.5,0.5,0.76,0,0.3,4.56,-,-
1,"1/1/2018, 2:57:00 AM","1/1/2018, 3:01:37 AM",1,1.1,1,N,48,143,2,6,0.5,0.5,0,0,0.3,7.3,-,-
1,"1/1/2018, 2:52:50 AM","1/1/2018, 3:07:33 AM",1,4.6,1,N,132,139,2,16.5,0.5,0.5,0,0,0.3,17.8,-,-
1,"1/1/2018, 2:13:58 AM","1/1/2018, 2:21:57 AM",2,2.1,1,N,237,238,1,9,0.5,0.5,1.5,0,0.3,11.8,-,-
1,"1/1/2018, 2:26:15 AM","1/1/2018, 2:36:51 AM",1,2,1,N,238,262,1,9.5,0.5,0.5,2.15,0,0.3,12.95,-,-
1,"1/1/2018, 2:44:41 AM","1/1/2018, 3:00:32 AM",3,3.9,1,N,236,152,1,14.5,0.5,0.5,0,0,0.3,15.8,-,-
1,"1/1/2018, 2:15:17 AM","1/1/2018, 2:16:57 AM",1,0.4,1,N,236,236,1,3.5,0.5,0.5,1.4,0,0.3,6.2,-,-
1,"1/1/2018, 2:22:59 AM","1/1/2018, 2:29:11 AM",1,1,1,N,237,262,1,6,0.5,0.5,1.45,0,0.3,8.75,-,-
1,"1/1/2018, 2:31:48 AM","1/1/2018, 2:35:38 AM",1,0.7,1,N,262,141,1,5,0.5,0.5,2,0,0.3,8.3,-,-
1,"1/1/2018, 2:38:31 AM","1/1/2018, 2:43:42 AM",1,1.3,1,N,237,229,2,6,0.5,0.5,0,0,0.3,7.3,-,-
1,"1/1/2018, 2:47:00 AM","1/1/2018, 2:50:36 AM",1,0.8,1,N,162,141,1,4.5,0.5,0.5,1.45,0,0.3,7.25,-,-
1,"1/1/2018, 2:51:47 AM","1/1/2018, 3:10:40 AM",1,3.1,1,N,141,79,1,14,0.5,0.5,3.8,0,0.3,19.1,-,-
1,"1/1/2018, 2:23:47 AM","1/1/2018, 2:33:45 AM",2,2,1,N,142,236,1,9.5,0.5,0.5,3,0,0.3,13.8,-,-
1,"1/1/2018, 2:36:51 AM","1/1/2018, 3:09:27 AM",1,4,1,N,236,113,2,21.5,0.5,0.5,0,0,0.3,22.8,-,-
1,"1/1/2018, 2:21:36 AM","1/1/2018, 2:41:16 AM",1,3.1,1,N,249,87,2,15,0.5,0.5,0,0,0.3,16.3,-,-
1,"1/1/2018, 2:58:04 AM","1/1/2018, 3:07:22 AM",1,3.5,1,N,209,107,1,12.5,0.5,0.5,2.75,0,0.3,16.55,-,-
1,"1/1/2018, 2:06:02 AM","1/1/2018, 2:36:45 AM",2,1.4,1,N,142,48,1,18,0.5,0.5,3.85,0,0.3,23.15,-,-
1,"1/1/2018, 2:46:07 AM","1/1/2018, 2:49:47 AM",3,0.7,1,N,50,48,1,4.5,0.5,0.5,1.45,0,0.3,7.25,-,-
1,"1/1/2018, 2:53:32 AM","1/1/2018, 2:56:34 AM",1,0.6,1,N,48,50,2,4.5,0.5,0.5,0,0,0.3,5.8,-,-
1,"1/1/2018, 2:59:36 AM","1/1/2018, 3:23:58 AM",1,4.5,1,N,143,42,1,19,0.5,0.5,6,0,0.3,26.3,-,-
1,"1/1/2018, 2:57:02 AM","1/1/2018, 3:10:16 AM",1,1.8,1,N,151,236,1,10,0.5,0.5,1.5,0,0.3,12.8,-,-
1,"1/1/2018, 2:33:21 AM","1/1/2018, 2:49:27 AM",1,1.1,1,N,162,170,1,10.5,0.5,0.5,1.5,0,0.3,13.3,-,-
1,"1/1/2018, 2:23:51 AM","1/1/2018, 2:51:40 AM",2,6,1,N,107,223,1,22.5,0.5,0.5,5,0,0.3,28.8,-,-
1,"1/1/2018, 2:33:29 AM","1/1/2018, 2:40:57 AM",1,1.2,1,N,141,237,2,7,0.5,0.5,0,0,0.3,8.3,-,-
1,"1/1/2018, 2:42:45 AM","1/1/2018, 2:54:50 AM",1,1.2,1,N,237,161,2,9,0.5,0.5,0,0,0.3,10.3,-,-
1,"1/1/2018, 2:22:32 AM","1/1/2018, 2:53:57 AM",2,5.5,1,N,113,239,1,22.5,0.5,0.5,4.75,0,0.3,28.55,-,-
1,"1/1/2018, 2:57:15 AM","1/1/2018, 3:06:59 AM",2,2,1,N,239,236,1,9,0.5,0.5,1.03,0,0.3,11.33,-,-
2,"1/1/2018, 2:20:33 AM","1/1/2018, 2:25:36 AM",1,1.16,1,N,166,116,1,6,0.5,0.5,2.19,0,0.3,9.49,-,-
2,"1/1/2018, 2:31:26 AM","1/1/2018, 3:08:29 AM",1,13.51,1,N,116,33,1,41,0.5,0.5,8.46,0,0.3,52.71,-,-
1,"1/1/2018, 2:13:32 AM","1/1/2018, 2:54:16 AM",1,3.1,1,N,237,170,1,23.5,0.5,0.5,1.2,0,0.3,26,-,-
2,"1/1/2018, 2:35:12 AM","1/1/2018, 3:08:33 AM",1,8,1,N,37,141,1,27.5,0.5,0.5,5.76,0,0.3,34.56,-,-
2,"1/1/2018, 2:33:25 AM","1/1/2018, 2:48:48 AM",1,3.91,1,N,79,141,1,14,0.5,0.5,3.06,0,0.3,18.36,-,-
2,"1/1/2018, 2:49:54 AM","1/1/2018, 2:53:28 AM",1,0.84,1,N,141,263,1,5,0.5,0.5,1.26,0,0.3,7.56,-,-
1,"1/1/2018, 2:29:39 AM","1/1/2018, 2:47:56 AM",2,2.2,1,N,90,48,1,13,0.5,0.5,2,0,0.3,16.3,-,-
1,"1/1/2018, 2:50:05 AM","1/1/2018, 2:55:55 AM",3,0.9,1,N,48,143,1,6,0.5,0.5,1.45,0,0.3,8.75,-,-
1,"1/1/2018, 2:25:53 AM","1/1/2018, 2:32:15 AM",3,1.2,1,N,257,227,2,6.5,0.5,0.5,0,0,0.3,7.8,-,-
2,"1/1/2018, 2:13:13 AM","1/1/2018, 2:47:12 AM",1,14.89,1,N,142,26,1,43.5,0.5,0.5,0,0,0.3,44.8,-,-
1,"1/1/2018, 2:15:32 AM","1/1/2018, 2:24:37 AM",1,1.1,1,N,163,233,2,7,0.5,0.5,0,0,0.3,8.3,-,-
1,"1/1/2018, 2:27:22 AM","1/1/2018, 3:16:31 AM",1,5.4,1,N,233,231,2,30.5,0.5,0.5,0,0,0.3,31.8,-,-
2,"1/1/2018, 2:24:27 AM","1/1/2018, 2:31:13 AM",1,1.11,1,N,238,24,1,6.5,0.5,0.5,1,0,0.3,8.8,-,-
2,"1/1/2018, 2:36:46 AM","1/1/2018, 2:46:35 AM",1,1.83,1,N,166,74,1,9,0.5,0.5,2.58,0,0.3,12.88,-,-
2,"1/1/2018, 3:00:00 AM","1/1/2018, 3:05:09 AM",1,0.83,1,N,239,238,2,5.5,0.5,0.5,0,0,0.3,6.8,-,-
1,"1/1/2018, 2:22:56 AM","1/1/2018, 2:43:38 AM",1,5.1,1,N,239,249,1,19,0.5,0.5,2.03,0,0.3,22.33,-,-
1,"1/1/2018, 2:26:55 AM","1/1/2018, 2:43:12 AM",2,3.8,1,N,170,238,2,14.5,0.5,0.5,0,0,0.3,15.8,-,-
1,"1/1/2018, 2:48:37 AM","1/1/2018, 2:52:38 AM",6,0.6,1,N,236,237,1,5,0.5,0.5,60,0,0.3,66.3,-,-
1,"1/1/2018, 2:57:46 AM","1/1/2018, 3:04:20 AM",1,1.9,1,N,236,238,1,8,0.5,0.5,1.85,0,0.3,11.15,-,-
2,"1/1/2018, 2:51:57 AM","1/1/2018, 3:13:41 AM",1,4.56,1,N,7,80,2,17.5,0.5,0.5,0,0,0.3,18.8,-,-
1,"1/1/2018, 2:20:11 AM","1/1/2018, 2:41:28 AM",2,3.3,1,N,114,48,2,15,0.5,0.5,0,0,0.3,16.3,-,-
1,"1/1/2018, 2:43:03 AM","1/1/2018, 3:04:09 AM",2,2.8,1,N,48,162,1,14.5,0.5,0.5,3.95,0,0.3,19.75,-,-
2,"1/1/2018, 2:53:47 AM","1/1/2018, 3:00:46 AM",1,1.43,1,N,166,239,2,7.5,0.5,0.5,0,0,0.3,8.8,-,-
2,"1/1/2018, 2:22:01 AM","1/1/2018, 2:28:49 AM",2,1.37,1,N,90,125,1,7,0.5,0.5,1.66,0,0.3,9.96,-,-
2,"1/1/2018, 2:33:41 AM","1/1/2018, 2:40:17 AM",2,0.95,1,N,158,113,1,6,0.5,0.5,1.46,0,0.3,8.76,-,-
2,"1/1/2018, 2:44:04 AM","1/1/2018, 2:47:35 AM",2,0.67,1,N,113,90,1,4.5,0.5,0.5,1.16,0,0.3,6.96,-,-
2,"1/1/2018, 2:48:34 AM","1/1/2018, 3:07:44 AM",2,2.41,1,N,90,161,1,13.5,0.5,0.5,4.44,0,0.3,19.24,-,-
1,"1/1/2018, 2:35:33 AM","1/1/2018, 2:47:43 AM",4,1.8,1,N,238,143,1,10,0.5,0.5,2.25,0,0.3,13.55,-,-
2,"1/1/2018, 2:15:20 AM","1/1/2018, 2:29:07 AM",2,2.88,1,N,239,229,1,12,0.5,0.5,3.32,0,0.3,16.62,-,-
2,"1/1/2018, 2:31:08 AM","1/1/2018, 2:50:47 AM",2,3.36,1,N,140,239,2,15.5,0.5,0.5,0,0,0.3,16.8,-,-
2,"1/1/2018, 2:52:53 AM","1/1/2018, 3:07:23 AM",2,2.9,1,N,239,68,1,12.5,0.5,0.5,2.76,0,0.3,16.56,-,-
1,"1/1/2018, 2:25:32 AM","1/1/2018, 2:37:21 AM",1,0.9,1,N,237,161,2,8.5,0.5,0.5,0,0,0.3,9.8,-,-
1,"1/1/2018, 2:46:53 AM","1/1/2018, 3:04:50 AM",1,2.8,1,N,163,48,2,13,0.5,0.5,0,0,0.3,14.3,-,-
2,"12/31/2017, 2:12:14 PM","12/31/2017, 2:27:26 PM",1,2.91,1,N,143,141,1,12.5,0.5,0.5,1.38,0,0.3,15.18,-,-
2,"12/31/2017, 2:33:49 PM","12/31/2017, 2:47:42 PM",1,2.21,1,N,141,107,1,10.5,0.5,0.5,3.54,0,0.3,15.34,-,-
2,"12/31/2017, 2:52:15 PM","1/1/2018, 2:13:05 PM",1,1.95,1,N,107,68,2,13.5,0.5,0.5,0,0,0.3,14.8,-,-
1,"1/1/2018, 2:20:17 AM","1/1/2018, 2:51:01 AM",1,10.9,1,N,132,36,2,34,0.5,0.5,0,0,0.3,35.3,-,-
1,"1/1/2018, 2:45:44 AM","1/1/2018, 2:48:22 AM",1,0.9,1,N,141,262,1,5,0.5,0.5,1.25,0,0.3,7.55,-,-
1,"1/1/2018, 2:50:57 AM","1/1/2018, 3:01:19 AM",2,1.9,1,N,262,236,1,9,0.5,0.5,2.55,0,0.3,12.85,-,-
2,"1/1/2018, 2:44:39 AM","1/1/2018, 2:51:37 AM",5,1.28,1,N,74,41,2,6.5,0.5,0.5,0,0,0.3,7.8,-,-
2,"1/1/2018, 2:17:39 AM","1/1/2018, 2:40:39 AM",1,4.11,1,N,164,75,1,17.5,0.5,0.5,3.76,0,0.3,22.56,-,-
2,"1/1/2018, 2:47:31 AM","1/1/2018, 2:53:09 AM",1,1.44,1,N,263,162,1,6.5,0.5,0.5,1.56,0,0.3,9.36,-,-
1,"1/1/2018, 2:07:54 AM","1/1/2018, 2:24:30 AM",1,7.2,1,N,170,65,1,21.5,0.5,0.5,4.55,0,0.3,27.35,-,-
1,"1/1/2018, 2:30:36 AM","1/1/2018, 2:44:43 AM",1,3,1,N,65,113,1,13,0.5,0.5,2,0,0.3,16.3,-,-
1,"1/1/2018, 2:46:24 AM","1/1/2018, 3:05:44 AM",1,3.2,1,N,114,229,2,14,0.5,0.5,0,0,0.3,15.3,-,-
1,"1/1/2018, 2:19:42 AM","1/1/2018, 2:26:51 AM",1,1.3,1,N,237,236,2,7,0,0.5,0,0,0.3,7.8,-,-
1,"1/1/2018, 2:38:39 AM","1/1/2018, 2:45:36 AM",1,1.6,1,N,43,142,1,7.5,0,0.5,2.05,0,0.3,10.35,-,-
1,"1/1/2018, 2:48:33 AM","1/1/2018, 3:18:47 AM",1,10.5,1,N,142,220,2,32,0,0.5,0,2.64,0.3,35.44,-,-
2,"1/1/2018, 2:37:08 AM","1/1/2018, 3:29:00 AM",5,1.62,1,N,161,48,2,28,0.5,0.5,0,0,0.3,29.3,-,-
2,"1/1/2018, 2:11:59 AM","1/1/2018, 2:23:56 AM",1,2.08,1,N,179,7,2,8.5,0.5,0.5,0,0,0.3,9.8,-,-
2,"1/1/2018, 2:55:38 AM","1/1/2018, 3:02:27 AM",1,1.42,1,N,229,140,1,7,0.5,0.5,1.66,0,0.3,9.96,-,-
2,"1/1/2018, 1:57:13 AM","1/1/2018, 2:31:56 AM",1,6.11,1,N,140,236,2,17.5,0.5,0.5,0,0,0.3,18.8,-,-
2,"1/1/2018, 2:34:13 AM","1/1/2018, 2:43:05 AM",1,2.47,1,N,236,42,1,9.5,0.5,0.5,2.16,0,0.3,12.96,-,-
2,"1/1/2018, 2:49:32 AM","1/1/2018, 2:59:52 AM",1,1.36,1,N,41,74,2,8.5,0.5,0.5,0,0,0.3,9.8,-,-
2,"1/1/2018, 2:24:32 AM","1/1/2018, 2:50:35 AM",1,5.49,1,N,234,151,1,21.5,0.5,0.5,5.7,0,0.3,28.5,-,-
2,"1/1/2018, 2:56:01 AM","1/1/2018, 3:17:31 AM",1,1.75,1,N,142,68,1,14,0.5,0.5,3.06,0,0.3,18.36,-,-
1,"1/1/2018, 2:25:07 AM","1/1/2018, 2:44:14 AM",2,2.3,1,N,237,48,1,13.5,0.5,0.5,2.95,0,0.3,17.75,-,-
1,"1/1/2018, 2:44:54 AM","1/1/2018, 2:51:49 AM",2,1.6,1,N,48,239,1,7.5,0.5,0.5,2,0,0.3,10.8,-,-
1,"1/1/2018, 2:55:47 AM","1/1/2018, 2:58:26 AM",2,0.6,1,N,239,239,2,4,0.5,0.5,0,0,0.3,5.3,-,-
2,"1/1/2018, 2:41:42 AM","1/1/2018, 3:16:25 AM",4,19.91,2,N,132,151,1,52,0,0.5,14.64,5.76,0.3,73.2,-,-
1,"1/1/2018, 2:16:51 AM","1/1/2018, 2:38:32 AM",1,4.1,1,N,90,217,1,17,0.5,0.5,1,0,0.3,19.3,-,-
1,"1/1/2018, 2:50:38 AM","1/1/2018, 3:11:31 AM",1,9,1,N,256,89,1,27,0.5,0.5,7.05,0,0.3,35.35,-,-
2,"1/1/2018, 2:13:46 AM","1/1/2018, 2:16:14 AM",1,0.59,1,N,236,236,1,4,0.5,0.5,0.53,0,0.3,5.83,-,-
2,"1/1/2018, 2:20:25 AM","1/1/2018, 2:22:41 AM",1,0.43,1,N,236,75,1,3.5,0.5,0.5,1.2,0,0.3,6,-,-
2,"1/1/2018, 2:24:42 AM","1/1/2018, 2:40:45 AM",1,4.54,1,N,75,137,2,16.5,0.5,0.5,0,0,0.3,17.8,-,-
2,"1/1/2018, 2:42:06 AM","1/1/2018, 2:49:51 AM",1,1.5,1,N,137,107,1,7.5,0.5,0.5,2.64,0,0.3,11.44,-,-
2,"1/1/2018, 2:57:36 AM","1/1/2018, 3:08:27 AM",1,1.92,1,N,79,162,1,9,0.5,0.5,2.58,0,0.3,12.88,-,-
2,"1/1/2018, 2:25:19 AM","1/1/2018, 2:34:31 AM",1,0.28,1,N,186,186,2,7,0.5,0.5,0,0,0.3,8.3,-,-
2,"1/1/2018, 2:46:20 AM","1/1/2018, 3:38:22 AM",1,11.04,1,N,48,61,2,41,0.5,0.5,0,0,0.3,42.3,-,-
2,"1/1/2018, 2:25:02 AM","1/1/2018, 2:29:41 AM",5,0.72,1,N,236,140,2,5,0.5,0.5,0,0,0.3,6.3,-,-
2,"1/1/2018, 2:38:59 AM","1/1/2018, 2:44:39 AM",5,0.88,1,N,237,262,1,6,0.5,0.5,1.46,0,0.3,8.76,-,-
2,"1/1/2018, 2:50:34 AM","1/1/2018, 3:17:22 AM",5,3.39,1,N,237,113,1,18,0.5,0.5,2,0,0.3,21.3,-,-
2,"1/1/2018, 2:24:55 AM","1/1/2018, 2:31:14 AM",1,0.94,1,N,48,143,1,6,0.5,0.5,1.46,0,0.3,8.76,-,-
2,"1/1/2018, 2:44:39 AM","1/1/2018, 2:53:37 AM",1,0.69,1,N,48,50,1,7,0.5,0.5,1.66,0,0.3,9.96,-,-
2,"1/1/2018, 2:56:11 AM","1/1/2018, 3:26:25 AM",1,4.49,1,N,50,148,1,21,0.5,0.5,1,0,0.3,23.3,-,-
2,"1/1/2018, 2:06:41 AM","1/1/2018, 2:11:53 AM",6,0.91,1,N,79,144,1,5.5,0.5,0.5,1,0,0.3,7.8,-,-
2,"1/1/2018, 2:43:45 AM","1/1/2018, 2:49:20 AM",6,1.08,1,N,113,137,1,6,0.5,0.5,1.46,0,0.3,8.76,-,-
1,"1/1/2018, 2:18:08 AM","1/1/2018, 2:29:18 AM",1,5.7,1,N,263,4,1,18,0.5,0.5,2,0,0.3,21.3,-,-
1,"1/1/2018, 2:32:10 AM","1/1/2018, 2:51:51 AM",1,4.1,1,N,4,246,2,16.5,0.5,0.5,0,0,0.3,17.8,-,-
1,"1/1/2018, 2:00:25 AM","1/1/2018, 2:20:37 AM",1,7.4,1,N,237,116,2,24,0.5,0.5,0,0,0.3,25.3,-,-
1,"1/1/2018, 2:35:11 AM","1/1/2018, 2:38:49 AM",1,0.7,1,N,166,151,2,4.5,0.5,0.5,0,0,0.3,5.8,-,-
1,"1/1/2018, 2:40:03 AM","1/1/2018, 2:44:26 AM",1,0.7,1,N,151,238,1,5,0.5,0.5,1.25,0,0.3,7.55,-,-
1,"1/1/2018, 2:50:10 AM","1/1/2018, 3:03:54 AM",1,2.5,1,N,143,263,2,11.5,0.5,0.5,0,0,0.3,12.8,-,-
2,"1/1/2018, 2:30:06 AM","1/1/2018, 2:51:31 AM",1,2.23,1,N,90,50,1,14,0.5,0.5,2,0,0.3,17.3,-,-
2,"1/1/2018, 2:54:56 AM","1/1/2018, 3:02:20 AM",1,0.47,1,N,50,50,2,6,0.5,0.5,0,0,0.3,7.3,-,-
2,"1/1/2018, 2:15:07 AM","1/1/2018, 2:40:17 AM",3,9.09,1,N,144,226,2,29,0.5,0.5,0,0,0.3,30.3,-,-
2,"1/1/2018, 2:53:36 AM","1/1/2018, 2:59:24 AM",2,1.2,1,N,229,170,1,6,0.5,0.5,1.46,0,0.3,8.76,-,-
2,"1/1/2018, 2:19:03 AM","1/1/2018, 2:36:34 AM",1,3.44,1,N,148,80,2,15,0.5,0.5,0,0,0.3,16.3,-,-
2,"1/1/2018, 2:39:05 AM","1/1/2018, 2:52:45 AM",1,3.62,1,N,80,193,1,13.5,0.5,0.5,2.96,0,0.3,17.76,-,-
2,"1/1/2018, 2:57:01 AM","1/1/2018, 3:23:14 AM",1,4.48,1,N,193,50,2,20,0.5,0.5,0,0,0.3,21.3,-,-
2,"1/1/2018, 2:16:59 AM","1/1/2018, 2:38:16 AM",1,12.31,1,N,236,3,1,34,0.5,0.5,5,0,0.3,40.3,-,-
1,"1/1/2018, 2:22:08 AM","1/1/2018, 2:27:45 AM",1,1.3,1,N,43,238,2,6.5,0.5,0.5,0,0,0.3,7.8,-,-
1,"1/1/2018, 2:30:43 AM","1/1/2018, 2:35:49 AM",1,1.1,1,N,238,236,1,6,0.5,0.5,1.45,0,0.3,8.75,-,-
1,"1/1/2018, 2:40:46 AM","1/1/2018, 2:49:12 AM",2,1.9,1,N,236,143,1,9,0.5,0.5,1.5,0,0.3,11.8,-,-
1,"1/1/2018, 2:53:53 AM","1/1/2018, 3:09:55 AM",1,2.5,1,N,239,246,1,12.5,0.5,0.5,2.75,0,0.3,16.55,-,-
1,"1/1/2018, 2:24:40 AM","1/1/2018, 2:30:14 AM",2,0.8,1,N,68,234,1,5.5,0.5,0.5,1.35,0,0.3,8.15,-,-
1,"1/1/2018, 2:36:30 AM","1/1/2018, 2:41:16 AM",2,0.7,1,N,113,113,2,5,0.5,0.5,0,0,0.3,6.3,-,-
1,"1/1/2018, 2:46:11 AM","1/1/2018, 2:54:06 AM",2,1,1,N,113,186,2,7,0.5,0.5,0,0,0.3,8.3,-,-
1,"1/1/2018, 2:55:38 AM","1/1/2018, 3:05:22 AM",1,1,1,N,186,68,1,8,0.5,0.5,2.75,0,0.3,12.05,-,-
1,"1/1/2018, 2:21:42 AM","1/1/2018, 2:35:59 AM",1,3.5,1,N,170,79,1,13.5,0.5,0.5,3.7,0,0.3,18.5,-,-
1,"1/1/2018, 2:47:05 AM","1/1/2018, 3:17:29 AM",2,7,1,N,107,80,1,27,0.5,0.5,7.05,0,0.3,35.35,-,-
2,"1/1/2018, 2:07:14 AM","1/1/2018, 2:11:45 AM",2,0.76,1,N,142,239,2,5.5,0.5,0.5,0,0,0.3,6.8,-,-
2,"1/1/2018, 2:13:07 AM","1/1/2018, 2:14:47 AM",2,0.45,1,N,239,239,1,3.5,0.5,0.5,1.44,0,0.3,6.24,-,-
2,"1/1/2018, 2:23:33 AM","1/2/2018, 2:14:47 AM",2,3.23,1,N,142,236,2,13.5,0.5,0.5,0,0,0.3,14.8,-,-
2,"1/1/2018, 2:45:59 AM","1/1/2018, 3:00:11 AM",3,4.67,1,N,237,112,1,15.5,0.5,0.5,5.04,0,0.3,21.84,-,-
2,"1/1/2018, 2:30:38 AM","1/1/2018, 2:45:47 AM",1,1.5,1,N,249,186,1,10.5,0.5,0.5,0,0,0.3,11.8,-,-
2,"1/1/2018, 2:21:50 AM","1/1/2018, 2:31:08 AM",1,1.98,1,N,43,263,1,9,0.5,0.5,1.54,0,0.3,11.84,-,-
2,"1/1/2018, 2:34:09 AM","1/1/2018, 3:18:11 AM",1,5.21,1,N,263,68,1,28,0.5,0.5,0,0,0.3,29.3,-,-
1,"1/1/2018, 2:21:56 AM","1/1/2018, 2:27:08 AM",1,0.5,1,N,170,233,2,5,0.5,0.5,0,0,0.3,6.3,-,-
1,"1/1/2018, 2:31:23 AM","1/1/2018, 2:36:05 AM",1,1,1,N,233,141,2,5.5,0.5,0.5,0,0,0.3,6.8,-,-
1,"1/1/2018, 2:38:54 AM","1/1/2018, 2:51:42 AM",1,1.7,1,N,141,229,1,9.5,0.5,0.5,0,0,0.3,10.8,-,-
1,"1/1/2018, 2:14:36 AM","1/1/2018, 2:27:04 AM",1,3.4,1,N,239,116,2,12.5,0.5,0.5,0,0,0.3,13.8,-,-
1,"1/1/2018, 2:32:16 AM","1/1/2018, 2:36:53 AM",1,1,1,N,116,166,2,5.5,0.5,0.5,0,0,0.3,6.8,-,-
1,"1/1/2018, 2:42:25 AM","1/1/2018, 2:52:15 AM",1,2,1,N,24,263,2,9.5,0.5,0.5,0,0,0.3,10.8,-,-
1,"1/1/2018, 2:59:34 AM","1/1/2018, 3:05:30 AM",1,1.7,1,N,263,162,2,7.5,0.5,0.5,0,0,0.3,8.8,-,-
2,"1/1/2018, 2:23:53 AM","1/1/2018, 2:26:11 AM",1,0.65,1,N,238,239,1,4,0.5,0.5,1.06,0,0.3,6.36,-,-
2,"1/1/2018, 2:28:10 AM","1/1/2018, 2:52:35 AM",1,10.51,1,N,239,25,1,31,0.5,0.5,5,0,0.3,37.3,-,-
1,"1/1/2018, 2:31:04 AM","1/1/2018, 2:40:00 AM",1,0.7,1,N,90,107,2,7,0.5,0.5,0,0,0.3,8.3,-,-
1,"1/1/2018, 2:41:20 AM","1/1/2018, 3:00:51 AM",2,2.7,1,N,107,163,2,14,0.5,0.5,0,0,0.3,15.3,-,-
2,"1/1/2018, 2:17:18 AM","1/1/2018, 2:19:10 AM",1,0.39,1,N,237,236,1,3.5,0.5,0.5,1.44,0,0.3,6.24,-,-
2,"1/1/2018, 2:21:13 AM","1/1/2018, 2:30:25 AM",1,2.36,1,N,236,143,1,9.5,0.5,0.5,2.7,0,0.3,13.5,-,-
2,"1/1/2018, 2:33:12 AM","1/1/2018, 2:39:05 AM",1,0.87,1,N,143,50,2,5.5,0.5,0.5,0,0,0.3,6.8,-,-
2,"1/1/2018, 2:39:27 AM","1/1/2018, 2:52:04 AM",1,2.21,1,N,50,68,1,11,0.5,0.5,2.46,0,0.3,14.76,-,-
2,"1/1/2018, 2:27:32 AM","1/1/2018, 3:02:49 AM",1,8.41,1,N,114,74,1,31.5,0.5,0.5,0,0,0.3,32.8,-,-
1,"1/1/2018, 2:13:48 AM","1/1/2018, 2:30:53 AM",1,4.3,1,N,45,62,2,16,0.5,0.5,0,0,0.3,17.3,-,-
1,"1/1/2018, 2:18:12 AM","1/1/2018, 2:22:38 AM",1,0.8,1,N,209,144,1,5.5,0.5,0.5,2,0,0.3,8.8,-,-
1,"1/1/2018, 2:29:13 AM","1/1/2018, 2:39:29 AM",1,1.3,1,N,114,234,1,8,0.5,0.5,0.93,0,0.3,10.23,-,-
2,"1/1/2018, 2:33:11 AM","1/1/2018, 2:51:35 AM",1,3.06,1,N,229,50,1,14,0.5,0.5,3.06,0,0.3,18.36,-,-
2,"1/1/2018, 2:56:40 AM","1/1/2018, 3:12:15 AM",1,3.69,1,N,142,116,1,14,0.5,0.5,3.82,0,0.3,19.12,-,-
1,"1/1/2018, 2:11:59 AM","1/1/2018, 2:24:19 AM",4,2.6,1,N,142,151,1,11,0.5,0.5,1.5,0,0.3,13.8,-,-
1,"1/1/2018, 2:26:02 AM","1/1/2018, 2:59:30 AM",3,8.2,1,N,151,232,2,29,0.5,0.5,0,0,0.3,30.3,-,-
1,"1/1/2018, 2:50:58 AM","1/1/2018, 3:03:39 AM",1,2.7,1,N,236,48,3,11.5,0.5,0.5,0,0,0.3,12.8,-,-
1,"1/1/2018, 2:01:54 AM","1/1/2018, 2:14:38 AM",1,1.3,1,N,50,48,2,9.5,0.5,0.5,0,0,0.3,10.8,-,-
1,"1/1/2018, 2:27:50 AM","1/1/2018, 2:37:53 AM",1,0.3,1,N,48,48,2,7.5,0.5,0.5,0,0,0.3,8.8,-,-
1,"1/1/2018, 2:40:21 AM","1/1/2018, 2:46:37 AM",1,0.9,1,N,48,90,2,6.5,0.5,0.5,0,0,0.3,7.8,-,-
1,"1/1/2018, 2:54:12 AM","1/1/2018, 3:00:20 AM",1,0.4,1,N,107,107,2,5.5,0.5,0.5,0,0,0.3,6.8,-,-
1,"1/1/2018, 2:15:16 AM","1/1/2018, 2:28:00 AM",1,2,1,N,148,233,1,10,0.5,0.5,2.25,0,0.3,13.55,-,-
1,"1/1/2018, 2:30:18 AM","1/1/2018, 2:38:36 AM",1,1.4,1,N,170,161,2,7.5,0.5,0.5,0,0,0.3,8.8,-,-
1,"1/1/2018, 2:48:49 AM","1/1/2018, 2:53:12 AM",1,1.2,1,N,141,140,2,5.5,0.5,0.5,0,0,0.3,6.8,-,-
1,"1/1/2018, 2:43:23 AM","1/1/2018, 2:50:20 AM",1,1,1,N,246,50,2,6.5,0.5,0.5,0,0,0.3,7.8,-,-
2,"1/1/2018, 2:14:07 AM","1/1/2018, 2:18:36 AM",2,0.71,1,N,13,13,2,5,0.5,0.5,0,0,0.3,6.3,-,-
2,"1/1/2018, 2:25:20 AM","1/1/2018, 2:43:32 AM",2,3.57,1,N,231,246,1,15.5,0.5,0.5,0,0,0.3,16.8,-,-
2,"1/1/2018, 2:48:58 AM","1/1/2018, 3:13:10 AM",2,4.5,1,N,48,75,2,18,0.5,0.5,0,0,0.3,19.3,-,-
1,"1/1/2018, 2:12:49 AM","1/1/2018, 2:29:03 AM",2,2.1,1,N,231,79,1,12,0.5,0.5,2.65,0,0.3,15.95,-,-
1,"1/1/2018, 2:34:01 AM","1/1/2018, 2:53:20 AM",1,1.7,1,N,137,90,1,13,0.5,0.5,2.85,0,0.3,17.15,-,-
2,"1/1/2018, 2:18:10 AM","1/1/2018, 2:22:25 AM",1,0.68,1,N,107,170,2,5,0.5,0.5,0,0,0.3,6.3,-,-
2,"1/1/2018, 2:32:55 AM","1/1/2018, 2:46:39 AM",1,0.38,1,N,48,48,1,9,0.5,0.5,1,0,0.3,11.3,-,-
2,"1/1/2018, 2:55:03 AM","1/1/2018, 3:19:29 AM",1,3.2,1,N,48,141,2,16.5,0.5,0.5,0,0,0.3,17.8,-,-
2,"1/1/2018, 2:35:45 AM","1/1/2018, 3:14:20 AM",2,20.71,1,N,226,117,1,57,0.5,0.5,0,0,0.3,58.3,-,-
2,"1/1/2018, 2:42:28 AM","1/1/2018, 2:56:46 AM",1,1.78,1,N,246,50,1,11,0.5,0.5,2.46,0,0.3,14.76,-,-
2,"1/1/2018, 2:59:28 AM","1/1/2018, 3:00:52 AM",1,0.18,1,N,142,143,2,3,0.5,0.5,0,0,0.3,4.3,-,-
1,"1/1/2018, 2:31:26 AM","1/1/2018, 2:39:34 AM",1,0.7,1,N,79,107,1,6.5,0.5,0.5,1.55,0,0.3,9.35,-,-
1,"1/1/2018, 2:46:50 AM","1/1/2018, 2:58:24 AM",2,2.7,1,N,107,141,2,10.5,0.5,0.5,0,0,0.3,11.8,-,-
1,"1/1/2018, 2:13:37 AM","1/1/2018, 2:21:46 AM",2,2,1,N,236,142,2,8.5,0.5,0.5,0,0,0.3,9.8,-,-
1,"1/1/2018, 2:22:32 AM","1/1/2018, 2:33:09 AM",2,1.9,1,N,142,151,1,9.5,0.5,0.5,2.7,0,0.3,13.5,-,-
1,"1/1/2018, 2:48:43 AM","1/1/2018, 2:50:43 AM",1,0.5,1,N,142,143,1,4,0.5,0.5,1.3,0,0.3,6.6,-,-
1,"1/1/2018, 2:51:52 AM","1/1/2018, 3:03:01 AM",1,3.1,1,N,143,236,1,12,0.5,0.5,1.33,0,0.3,14.63,-,-
1,"1/1/2018, 2:49:03 AM","1/1/2018, 2:55:38 AM",2,1.3,1,N,95,95,2,6,0.5,0.5,0,0,0.3,7.3,-,-
1,"1/1/2018, 2:15:56 AM","1/1/2018, 2:28:06 AM",2,1.1,1,N,107,186,1,9,0.5,0.5,2.7,0,0.3,13,-,-
1,"1/1/2018, 2:44:39 AM","1/1/2018, 2:52:57 AM",1,1.6,1,N,114,88,2,8,0.5,0.5,0,0,0.3,9.3,-,-
1,"1/1/2018, 2:54:00 AM","1/1/2018, 3:15:35 AM",2,12,1,N,261,21,2,34,0.5,0.5,0,5.75,0.3,41.05,-,-
1,"1/1/2018, 2:38:07 AM","1/1/2018, 2:44:11 AM",1,1.5,1,N,40,33,1,7,0.5,0.5,2.45,0,0.3,10.75,-,-
1,"1/1/2018, 2:58:10 AM","1/1/2018, 3:00:16 AM",2,0.3,1,N,261,261,1,3.5,0.5,0.5,1.4,0,0.3,6.2,-,-
2,"1/1/2018, 2:12:28 AM","1/1/2018, 2:24:11 AM",1,2.46,1,N,13,249,1,11,0.5,0.5,2.46,0,0.3,14.76,-,-
2,"1/1/2018, 2:30:40 AM","1/1/2018, 2:47:13 AM",1,1.35,1,N,249,107,1,11,0.5,0.5,1.11,0,0.3,13.41,-,-
2,"1/1/2018, 2:52:52 AM","1/1/2018, 3:12:06 AM",1,2.43,1,N,107,246,1,13.5,0.5,0.5,2.96,0,0.3,17.76,-,-
2,"1/1/2018, 1:57:19 AM","1/1/2018, 2:01:11 AM",1,0.81,1,N,236,237,1,5,0.5,0.5,1,0,0.3,7.3,-,-
2,"1/1/2018, 2:06:37 AM","1/1/2018, 2:16:28 AM",1,1.83,1,N,43,233,2,8.5,0.5,0.5,0,0,0.3,9.8,-,-
2,"1/1/2018, 2:45:51 AM","1/1/2018, 3:22:43 AM",1,5.5,1,N,211,239,1,26.5,0.5,0.5,4.17,0,0.3,31.97,-,-
2,"12/31/2017, 11:59:12 PM","1/1/2018, 12:11:14 AM",3,2.35,1,N,239,75,1,10.5,0.5,0.5,2.95,0,0.3,14.75,-,-
2,"1/1/2018, 12:10:05 AM","1/1/2018, 12:33:08 AM",2,1.49,1,N,161,137,2,14.5,0.5,0.5,0,0,0.3,15.8,-,-
2,"1/1/2018, 12:35:37 AM","1/1/2018, 12:54:03 AM",2,4.88,1,N,137,238,1,16.5,0.5,0.5,3.56,0,0.3,21.36,-,-
1,"1/1/2018, 2:10:56 AM","1/1/2018, 2:19:06 AM",1,1.4,1,N,137,229,1,7.5,0.5,0.5,2.2,0,0.3,11,-,-
1,"1/1/2018, 2:58:53 AM","1/1/2018, 3:27:07 AM",0,5.3,1,N,114,236,2,21.5,0.5,0.5,0,0,0.3,22.8,-,-
1,"1/1/2018, 2:11:56 AM","1/1/2018, 2:14:35 AM",2,0.3,1,N,41,41,2,4,0.5,0.5,0,0,0.3,5.3,-,-
1,"1/1/2018, 2:22:31 AM","1/1/2018, 2:27:30 AM",1,1.1,1,N,24,238,1,6,0.5,0.5,1.45,0,0.3,8.75,-,-
1,"1/1/2018, 2:28:40 AM","1/1/2018, 2:33:08 AM",2,0.9,1,N,238,142,2,5.5,0.5,0.5,0,0,0.3,6.8,-,-
1,"1/1/2018, 2:35:29 AM","1/1/2018, 2:43:11 AM",2,1.1,1,N,142,239,2,7,0.5,0.5,0,0,0.3,8.3,-,-
1,"1/1/2018, 2:47:46 AM","1/1/2018, 3:15:14 AM",2,2.5,1,N,239,164,1,17.5,0.5,0.5,3,0,0.3,21.8,-,-
1,"1/1/2018, 2:24:23 AM","1/1/2018, 2:29:38 AM",1,0.8,1,N,249,158,2,5.5,0.5,0.5,0,0,0.3,6.8,-,-
1,"1/1/2018, 2:36:56 AM","1/1/2018, 2:46:53 AM",2,1.2,1,N,158,249,1,8,0.5,0.5,1.85,0,0.3,11.15,-,-
1,"1/1/2018, 2:48:13 AM","1/1/2018, 3:25:57 AM",2,7.7,1,N,249,41,1,30,0.5,0.5,6.25,0,0.3,37.55,-,-
1,"1/1/2018, 2:06:41 AM","1/1/2018, 2:25:31 AM",2,7.8,1,N,229,255,1,24,0.5,0.5,5.05,0,0.3,30.35,-,-
1,"1/1/2018, 2:28:46 AM","1/1/2018, 2:40:31 AM",2,3.2,1,N,112,17,1,12.5,0.5,0.5,2.75,0,0.3,16.55,-,-
1,"1/1/2018, 2:56:13 AM","1/1/2018, 3:00:18 AM",2,0.6,1,N,148,79,1,5,0.5,0.5,1.25,0,0.3,7.55,-,-
1,"1/1/2018, 2:09:19 AM","1/1/2018, 2:10:34 AM",1,0.5,1,N,140,263,2,3.5,0.5,0.5,0,0,0.3,4.8,-,-
1,"1/1/2018, 2:14:51 AM","1/1/2018, 2:27:38 AM",1,3,1,N,262,142,2,11.5,0.5,0.5,0,0,0.3,12.8,-,-
1,"1/1/2018, 2:29:28 AM","1/1/2018, 3:07:47 AM",2,10.2,1,N,142,181,1,34,0.5,0.5,8.2,5.76,0.3,49.26,-,-
1,"1/1/2018, 2:42:12 AM","1/1/2018, 3:07:27 AM",2,2.4,1,N,264,264,1,16.5,0.5,0.5,0,0,0.3,17.8,-,-
2,"1/1/2018, 2:16:36 AM","1/1/2018, 2:23:09 AM",1,1.89,1,N,141,233,1,7.5,0.5,0.5,3,0,0.3,11.8,-,-
2,"1/1/2018, 2:28:26 AM","1/1/2018, 2:37:21 AM",1,1.04,1,N,137,233,2,7.5,0.5,0.5,0,0,0.3,8.8,-,-
1,"1/1/2018, 2:38:09 AM","1/1/2018, 2:45:53 AM",2,1.1,1,N,4,114,1,7,0.5,0.5,1.65,0,0.3,9.95,-,-
1,"1/1/2018, 2:47:17 AM","1/1/2018, 3:14:08 AM",1,3.3,1,N,114,163,2,17.5,0.5,0.5,0,0,0.3,18.8,-,-
1,"1/1/2018, 2:05:41 AM","1/1/2018, 2:11:46 AM",1,1.1,1,N,79,107,1,6,0.5,0.5,1.45,0,0.3,8.75,-,-
1,"1/1/2018, 2:15:33 AM","1/1/2018, 2:22:41 AM",3,1.6,1,N,137,141,2,7.5,0.5,0.5,0,0,0.3,8.8,-,-
1,"1/1/2018, 2:24:19 AM","1/1/2018, 2:25:56 AM",1,0.6,1,N,141,141,1,4,0.5,0.5,1.55,0,0.3,6.85,-,-
1,"1/1/2018, 2:30:57 AM","1/1/2018, 2:34:37 AM",1,0.8,1,N,141,263,2,5,0.5,0.5,0,0,0.3,6.3,-,-
1,"1/1/2018, 2:37:05 AM","1/1/2018, 2:39:59 AM",2,0.5,1,N,263,237,2,4,0.5,0.5,0,0,0.3,5.3,-,-
1,"1/1/2018, 2:44:04 AM","1/1/2018, 2:59:23 AM",4,2.4,1,N,236,170,2,12,0.5,0.5,0,0,0.3,13.3,-,-
1,"1/1/2018, 2:19:59 AM","1/1/2018, 2:27:14 AM",4,1.9,1,N,142,151,2,8,0.5,0.5,0,0,0.3,9.3,-,-
1,"1/1/2018, 2:31:26 AM","1/1/2018, 2:35:43 AM",2,1,1,N,239,143,2,5.5,0.5,0.5,0,0,0.3,6.8,-,-
1,"1/1/2018, 2:36:59 AM","1/1/2018, 2:38:38 AM",1,0.4,1,N,143,143,2,3.5,0.5,0.5,0,0,0.3,4.8,-,-
1,"1/1/2018, 2:40:58 AM","1/1/2018, 2:43:37 AM",1,0.5,1,N,143,239,1,4,0.5,0.5,0,0,0.3,5.3,-,-
1,"1/1/2018, 2:47:07 AM","1/1/2018, 3:18:33 AM",2,4.9,1,N,239,113,1,22.5,0.5,0.5,7.1,0,0.3,30.9,-,-
1,"1/1/2018, 2:20:59 AM","1/1/2018, 2:34:35 AM",1,1,1,N,170,170,1,9.5,0.5,0.5,2.15,0,0.3,12.95,-,-
2,"1/1/2018, 2:28:49 AM","1/1/2018, 2:51:13 AM",1,4.5,1,N,148,50,1,18,0.5,0.5,3.86,0,0.3,23.16,-,-
2,"1/1/2018, 2:54:37 AM","1/1/2018, 3:14:21 AM",1,3.2,1,N,50,162,2,14.5,0.5,0.5,0,0,0.3,15.8,-,-
2,"1/1/2018, 2:20:12 AM","1/1/2018, 2:24:24 AM",1,0.9,1,N,116,166,1,5.5,0.5,0.5,5,0,0.3,11.8,-,-
2,"1/1/2018, 2:26:06 AM","1/1/2018, 2:48:05 AM",1,4.85,1,N,166,127,2,19.5,0.5,0.5,0,0,0.3,20.8,-,-
1,"1/1/2018, 2:17:47 AM","1/1/2018, 2:24:17 AM",1,1.5,1,N,237,236,1,7,0.5,0.5,1.25,0,0.3,9.55,-,-
1,"1/1/2018, 2:30:42 AM","1/1/2018, 2:39:54 AM",1,1.3,1,N,43,161,2,8,0.5,0.5,0,0,0.3,9.3,-,-
1,"1/1/2018, 2:46:05 AM","1/1/2018, 2:53:58 AM",1,1.8,1,N,237,236,1,8.5,0.5,0.5,1.95,0,0.3,11.75,-,-
1,"1/1/2018, 2:55:42 AM","1/1/2018, 3:09:28 AM",1,3.2,1,N,236,48,1,12.5,0.5,0.5,4.1,0,0.3,17.9,-,-
2,"1/1/2018, 2:06:44 AM","1/1/2018, 2:28:23 AM",1,8.9,1,N,74,174,2,27.5,0.5,0.5,0,0,0.3,28.8,-,-
2,"1/1/2018, 2:32:34 AM","1/1/2018, 2:42:04 AM",1,2.32,1,N,18,20,2,10,0.5,0.5,0,0,0.3,11.3,-,-
2,"1/1/2018, 2:19:12 AM","1/1/2018, 2:53:07 AM",2,11.4,1,N,48,26,2,36,0.5,0.5,0,5.76,0.3,43.06,-,-
2,"1/1/2018, 2:08:24 AM","1/1/2018, 2:22:57 AM",1,7.97,1,N,138,262,2,22.5,0.5,0.5,0,5.76,0.3,29.56,-,-
2,"1/1/2018, 2:32:17 AM","1/1/2018, 2:46:22 AM",1,2.03,1,N,141,170,2,8,0.5,0.5,0,0,0.3,9.3,-,-
2,"1/1/2018, 2:59:03 AM","1/1/2018, 3:31:44 AM",1,6.65,1,N,233,223,2,24,0.5,0.5,0,0,0.3,25.3,-,-
1,"1/1/2018, 2:08:30 AM","1/1/2018, 2:27:11 AM",1,0.6,1,N,142,48,2,11.5,0.5,0.5,0,0,0.3,12.8,-,-
1,"1/1/2018, 2:33:52 AM","1/1/2018, 2:42:18 AM",5,0.2,1,N,48,48,2,6.5,0.5,0.5,0,0,0.3,7.8,-,-
1,"1/1/2018, 2:45:41 AM","1/1/2018, 3:40:59 AM",2,8.6,1,N,48,198,2,39,0.5,0.5,0,0,0.3,40.3,-,-
2,"1/1/2018, 2:18:31 AM","1/1/2018, 2:23:04 AM",1,1,1,N,141,263,1,5.5,0.5,0.5,1.36,0,0.3,8.16,-,-
2,"1/1/2018, 2:29:10 AM","1/1/2018, 2:37:44 AM",1,1.8,1,N,236,140,2,8.5,0.5,0.5,0,0,0.3,9.8,-,-
2,"1/1/2018, 2:46:21 AM","1/1/2018, 2:50:08 AM",1,0.86,1,N,141,262,1,5,0.5,0.5,1.26,0,0.3,7.56,-,-
2,"1/1/2018, 2:18:28 AM","1/1/2018, 2:53:44 AM",2,2.83,1,N,114,161,1,20.5,0.5,0.5,4.36,0,0.3,26.16,-,-
1,"1/1/2018, 2:39:59 AM","1/1/2018, 2:53:09 AM",2,1.3,1,N,164,107,1,9.5,0.5,0.5,2.15,0,0.3,12.95,-,-
1,"1/1/2018, 2:55:42 AM","1/1/2018, 3:11:19 AM",3,1.6,1,N,79,246,1,11,0.5,0.5,2.45,0,0.3,14.75,-,-
2,"1/1/2018, 2:20:29 AM","1/1/2018, 2:26:43 AM",2,0.91,1,N,161,233,2,6,0.5,0.5,0,0,0.3,7.3,-,-
2,"1/1/2018, 2:31:11 AM","1/1/2018, 2:46:18 AM",3,1.84,1,N,233,234,1,11,0.5,0.5,2.46,0,0.3,14.76,-,-
2,"1/1/2018, 2:54:14 AM","1/1/2018, 3:21:08 AM",2,4.91,1,N,90,255,1,20.5,0.5,0.5,4.36,0,0.3,26.16,-,-
1,"1/1/2018, 2:53:14 AM","1/1/2018, 2:56:32 AM",1,0.5,1,N,137,170,1,4,0.5,0.5,1,0,0.3,6.3,-,-
2,"1/1/2018, 2:11:51 AM","1/1/2018, 2:21:47 AM",1,1.18,1,N,137,90,1,7.5,0.5,0.5,1.76,0,0.3,10.56,-,-
2,"1/1/2018, 2:22:35 AM","1/1/2018, 2:50:04 AM",1,3.79,1,N,90,236,1,19,0.5,0.5,3,0,0.3,23.3,-,-
2,"1/1/2018, 2:51:06 AM","1/1/2018, 3:14:49 AM",1,9.63,1,N,236,231,1,29,0.5,0.5,6,0,0.3,36.3,-,-
2,"1/1/2018, 2:03:35 AM","1/1/2018, 2:33:15 AM",1,19.55,2,N,132,262,1,52,0,0.5,10,5.76,0.3,68.56,-,-
2,"1/1/2018, 2:39:12 AM","1/1/2018, 2:44:39 AM",1,1.49,1,N,140,263,1,6.5,0.5,0.5,0.78,0,0.3,8.58,-,-
2,"1/1/2018, 2:45:15 AM","1/1/2018, 3:04:49 AM",1,3.49,1,N,263,48,1,15.5,0.5,0.5,5.04,0,0.3,21.84,-,-
1,"1/1/2018, 2:09:44 AM","1/1/2018, 2:42:08 AM",1,3.2,1,N,264,48,1,20.5,0.5,0.5,4.35,0,0.3,26.15,-,-
1,"1/1/2018, 2:45:35 AM","1/1/2018, 3:15:04 AM",1,3.3,1,N,48,140,1,19.5,0.5,0.5,4.15,0,0.3,24.95,-,-
1,"1/1/2018, 2:13:06 AM","1/1/2018, 2:38:37 AM",1,17.2,2,N,132,141,1,52,0,0.5,7.6,0,0.3,60.4,-,-
1,"1/1/2018, 2:53:04 AM","1/1/2018, 2:58:52 AM",1,1.2,1,N,229,237,1,6,0.5,0.5,1.45,0,0.3,8.75,-,-
1,"1/1/2018, 2:36:55 AM","1/1/2018, 2:45:35 AM",1,1.6,1,N,148,249,1,8,0.5,0.5,1.9,0,0.3,11.2,-,-
1,"1/1/2018, 2:47:12 AM","1/1/2018, 2:50:26 AM",2,0.3,1,N,249,113,2,4,0.5,0.5,0,0,0.3,5.3,-,-
1,"1/1/2018, 2:52:56 AM","1/1/2018, 3:04:29 AM",1,1.4,1,N,90,137,1,9,0.5,0.5,2.05,0,0.3,12.35,-,-
1,"1/1/2018, 2:22:32 AM","1/1/2018, 2:28:14 AM",2,0.6,1,N,170,233,1,5.5,0.5,0.5,1.35,0,0.3,8.15,-,-
1,"1/1/2018, 2:34:47 AM","1/1/2018, 2:39:33 AM",2,0.7,1,N,137,107,1,5,0.5,0.5,1.55,0,0.3,7.85,-,-
1,"1/1/2018, 2:43:20 AM","1/1/2018, 2:53:37 AM",2,1.6,1,N,137,161,2,8.5,0.5,0.5,0,0,0.3,9.8,-,-
1,"1/1/2018, 2:29:55 AM","1/1/2018, 2:50:16 AM",1,2.7,1,N,170,142,1,14.5,0.5,0.5,3.15,0,0.3,18.95,-,-
2,"1/1/2018, 2:46:49 AM","1/1/2018, 3:18:06 AM",1,8.83,1,N,114,257,1,29,0.5,0.5,0,0,0.3,30.3,-,-
1,"1/1/2018, 2:09:46 AM","1/1/2018, 2:17:17 AM",1,1.5,1,N,237,233,1,7.5,0.5,0.5,2.6,0,0.3,11.4,-,-
1,"1/1/2018, 2:30:11 AM","1/1/2018, 2:38:04 AM",2,2,1,N,237,143,1,8,0.5,0.5,2.75,0,0.3,12.05,-,-
1,"1/1/2018, 2:40:42 AM","1/1/2018, 2:53:28 AM",1,7.2,1,N,143,243,2,21.5,0.5,0.5,0,0,0.3,22.8,-,-
2,"1/1/2018, 2:12:55 AM","1/1/2018, 2:21:19 AM",6,2.27,1,N,151,237,1,9,0.5,0.5,3.09,0,0.3,13.39,-,-
2,"1/1/2018, 2:29:24 AM","1/1/2018, 2:37:29 AM",6,1.25,1,N,141,142,2,7.5,0.5,0.5,0,0,0.3,8.8,-,-
2,"1/1/2018, 2:39:09 AM","1/1/2018, 2:46:19 AM",6,0.98,1,N,142,239,2,6.5,0.5,0.5,0,0,0.3,7.8,-,-
2,"1/1/2018, 2:56:37 AM","1/1/2018, 3:11:06 AM",6,2.35,1,N,142,236,1,11.5,0.5,0.5,2.56,0,0.3,15.36,-,-
1,"1/1/2018, 2:08:10 AM","1/1/2018, 2:10:52 AM",1,0.6,1,N,141,236,1,4,0.5,0.5,1.5,0,0.3,6.8,-,-
1,"1/1/2018, 2:15:46 AM","1/1/2018, 2:18:19 AM",1,0.3,1,N,263,236,1,3.5,0.5,0.5,1.4,0,0.3,6.2,-,-
1,"1/1/2018, 2:36:16 AM","1/1/2018, 2:40:23 AM",1,0.2,1,N,161,162,3,3.5,0.5,0.5,0,0,0.3,4.8,-,-
1,"1/1/2018, 2:41:51 AM","1/1/2018, 3:09:42 AM",2,15.3,5,N,229,265,1,60,0,0,15.05,0,0.3,75.35,-,-
1,"1/1/2018, 2:12:51 AM","1/1/2018, 2:19:39 AM",1,1,1,N,264,264,2,6.5,0.5,0.5,0,0,0.3,7.8,-,-
1,"1/1/2018, 2:22:18 AM","1/1/2018, 2:35:09 AM",1,0.6,1,N,264,264,2,8.5,0.5,0.5,0,0,0.3,9.8,-,-
1,"1/1/2018, 2:38:03 AM","1/1/2018, 2:58:20 AM",1,2.4,1,N,264,264,1,14,0.5,0.5,3.8,0,0.3,19.1,-,-
2,"1/1/2018, 2:23:33 AM","1/1/2018, 2:57:48 AM",2,5.18,1,N,249,263,2,23,0.5,0.5,0,0,0.3,24.3,-,-
2,"1/1/2018, 2:07:54 AM","1/1/2018, 2:23:29 AM",4,3.73,1,N,233,238,2,14,0.5,0.5,0,0,0.3,15.3,-,-
2,"1/1/2018, 2:29:04 AM","1/1/2018, 2:46:01 AM",4,3.62,1,N,238,170,1,14.5,0.5,0.5,3.16,0,0.3,18.96,-,-
1,"1/1/2018, 2:01:48 AM","1/1/2018, 2:04:23 AM",1,0.3,1,N,170,164,1,4,0.5,0.5,0,0,0.3,5.3,-,-
1,"1/1/2018, 2:33:39 AM","1/1/2018, 2:39:44 AM",1,0.6,1,N,164,90,2,5.5,0.5,0.5,0,0,0.3,6.8,-,-
2,"1/1/2018, 1:59:17 AM","1/1/2018, 2:21:20 AM",1,7,1,N,233,36,1,23,0.5,0.5,4.7,0,0.3,29,-,-
2,"1/1/2018, 2:32:15 AM","1/1/2018, 2:35:40 AM",1,0.65,1,N,256,256,2,4.5,0.5,0.5,0,0,0.3,5.8,-,-
2,"1/1/2018, 2:40:41 AM","1/1/2018, 2:51:37 AM",1,2.11,1,N,256,112,1,9.5,0.5,0.5,2.7,0,0.3,13.5,-,-
1,"1/1/2018, 2:18:25 AM","1/1/2018, 2:21:52 AM",2,0.8,1,N,236,236,1,5,0.5,0.5,1.55,0,0.3,7.85,-,-
1,"1/1/2018, 2:37:57 AM","1/1/2018, 2:41:38 AM",4,0.5,1,N,137,170,1,4.5,0.5,0.5,1.15,0,0.3,6.95,-,-
1,"1/1/2018, 2:06:54 AM","1/1/2018, 2:24:49 AM",1,3.9,1,N,234,262,1,15.5,0.5,0.5,7,0,0.3,23.8,-,-
1,"1/1/2018, 2:32:39 AM","1/1/2018, 2:40:01 AM",1,1.5,1,N,236,238,1,7.5,0.5,0.5,1.75,0,0.3,10.55,-,-
1,"1/1/2018, 2:47:54 AM","1/1/2018, 3:06:16 AM",1,2.4,1,N,239,50,1,13,0.5,0.5,2.85,0,0.3,17.15,-,-
2,"1/1/2018, 2:57:24 AM","1/1/2018, 3:23:52 AM",2,5.9,1,N,90,74,1,21.5,0.5,0.5,5.7,0,0.3,28.5,-,-
1,"1/1/2018, 2:09:04 AM","1/1/2018, 2:25:06 AM",1,3.4,1,N,161,238,1,14.5,0.5,0.5,2,0,0.3,17.8,-,-
1,"1/1/2018, 2:26:24 AM","1/1/2018, 2:42:25 AM",1,9.5,1,N,238,241,1,27,0.5,0.5,0,0,0.3,28.3,-,-
1,"1/1/2018, 2:12:24 AM","1/1/2018, 2:16:06 AM",2,0.6,1,N,13,13,2,5,0.5,0.5,0,0,0.3,6.3,-,-
1,"1/1/2018, 2:27:11 AM","1/1/2018, 2:29:23 AM",1,0.5,1,N,249,249,2,4,0.5,0.5,0,0,0.3,5.3,-,-
1,"1/1/2018, 2:32:17 AM","1/1/2018, 3:05:48 AM",1,13.1,1,N,249,70,2,40.5,0.5,0.5,0,0,0.3,41.8,-,-
2,"1/1/2018, 2:20:24 AM","1/1/2018, 2:30:42 AM",1,2.69,1,N,263,233,2,10,0.5,0.5,0,0,0.3,11.3,-,-
2,"1/1/2018, 2:32:23 AM","1/1/2018, 2:35:47 AM",1,0.98,1,N,233,229,2,5,0.5,0.5,0,0,0.3,6.3,-,-
2,"1/1/2018, 2:37:31 AM","1/1/2018, 2:45:59 AM",1,1.24,1,N,229,141,1,7.5,0.5,0.5,1.76,0,0.3,10.56,-,-
2,"1/1/2018, 2:52:18 AM","1/1/2018, 3:38:01 AM",1,6.61,1,N,141,13,1,30.5,0.5,0.5,1,0,0.3,32.8,-,-
2,"1/1/2018, 2:05:58 AM","1/1/2018, 2:11:52 AM",1,0.89,1,N,107,186,2,6,0.5,0.5,0,0,0.3,7.3,-,-
2,"1/1/2018, 2:23:28 AM","1/1/2018, 2:35:41 AM",1,3.43,1,N,234,263,1,12,0.5,0.5,2.66,0,0.3,15.96,-,-
2,"1/1/2018, 2:37:26 AM","1/1/2018, 2:51:12 AM",1,2.79,1,N,263,48,2,11.5,0.5,0.5,0,0,0.3,12.8,-,-
2,"1/1/2018, 2:52:26 AM","1/1/2018, 3:17:01 AM",1,2.75,1,N,48,263,1,16.5,0.5,0.5,3.56,0,0.3,21.36,-,-
1,"1/1/2018, 2:32:17 AM","1/1/2018, 2:38:18 AM",1,1.2,1,N,141,233,1,6,0.5,0.5,2.15,0,0.3,9.45,-,-
1,"1/1/2018, 2:49:54 AM","1/1/2018, 2:55:16 AM",1,0.6,1,N,140,229,1,5,0.5,0.5,0.63,0,0.3,6.93,-,-
1,"1/1/2018, 2:56:53 AM","1/1/2018, 3:08:11 AM",1,2.2,1,N,229,262,1,10,0.5,0.5,2.25,0,0.3,13.55,-,-
2,"1/1/2018, 2:12:29 AM","1/1/2018, 2:15:49 AM",1,0.7,1,N,107,137,1,4.5,0.5,0.5,1,0,0.3,6.8,-,-
2,"1/1/2018, 2:24:58 AM","1/1/2018, 2:51:30 AM",1,8.95,1,N,79,116,1,29,0.5,0.5,0,0,0.3,30.3,-,-
2,"1/1/2018, 2:21:10 AM","1/1/2018, 2:24:47 AM",1,0.61,1,N,238,239,1,4.5,0.5,0.5,1,0,0.3,8.75,-,-
2,"1/1/2018, 2:26:40 AM","1/1/2018, 2:33:08 AM",1,1.04,1,N,239,238,2,6.5,0.5,0.5,0,0,0.3,7.8,-,-
2,"1/1/2018, 2:36:14 AM","1/1/2018, 2:42:15 AM",1,1.17,1,N,238,166,1,6.5,0.5,0.5,1.95,0,0.3,9.75,-,-
2,"1/1/2018, 2:49:11 AM","1/1/2018, 3:20:59 AM",1,7.11,1,N,151,79,2,27,0.5,0.5,0,0,0.3,28.3,-,-
1,"1/1/2018, 2:22:12 AM","1/1/2018, 2:25:01 AM",2,0.5,1,N,74,75,2,4,0.5,0.5,0,0,0.3,5.3,-,-
1,"1/1/2018, 2:39:54 AM","1/1/2018, 2:57:50 AM",1,3.3,1,N,159,244,2,15,0.5,0.5,0,0,0.3,16.3,-,-
1,"1/1/2018, 2:17:42 AM","1/1/2018, 2:24:19 AM",1,1.3,1,N,43,162,1,6.5,0.5,0.5,1.55,0,0.3,9.35,-,-
1,"1/1/2018, 2:36:53 AM","1/1/2018, 2:57:55 AM",1,4.9,1,N,229,166,2,18,0.5,0.5,0,0,0.3,19.3,-,-
1,"1/1/2018, 2:33:34 AM","1/1/2018, 2:40:34 AM",1,1.3,1,N,249,90,1,6.5,0.5,0.5,1,0,0.3,8.8,-,-
1,"1/1/2018, 2:53:34 AM","1/1/2018, 3:16:24 AM",1,4.8,1,N,164,226,1,19.5,0.5,0.5,0,0,0.3,20.8,-,-
1,"1/1/2018, 2:34:23 AM","1/1/2018, 2:51:49 AM",1,5.1,1,N,170,87,2,17,0.5,0.5,0,0,0.3,18.3,-,-
1,"1/1/2018, 2:28:44 AM","1/1/2018, 2:40:42 AM",1,2.6,1,N,140,239,1,11,0.5,0.5,3.65,0,0.3,15.95,-,-
1,"1/1/2018, 2:41:34 AM","1/1/2018, 3:06:45 AM",3,5.3,1,N,239,79,1,20.5,0.5,0.5,4.35,0,0.3,26.15,-,-
1,"1/1/2018, 2:13:42 AM","1/1/2018, 2:29:17 AM",3,2.8,1,N,48,238,1,12.5,0.5,0.5,1,0,0.3,14.8,-,-
1,"1/1/2018, 2:30:30 AM","1/1/2018, 2:40:02 AM",1,1.9,1,N,238,263,1,9,0.5,0.5,5,0,0.3,15.3,-,-
1,"1/1/2018, 2:44:58 AM","1/1/2018, 2:48:01 AM",2,0.7,1,N,263,75,1,4.5,0.5,0.5,1.15,0,0.3,6.95,-,-
1,"1/1/2018, 2:56:12 AM","1/1/2018, 3:04:47 AM",1,1.8,1,N,236,238,1,8.5,0.5,0.5,1.47,0,0.3,11.27,-,-
1,"1/1/2018, 2:43:48 AM","1/1/2018, 2:55:50 AM",1,1.3,1,N,68,234,1,9,0.5,0.5,2.05,0,0.3,12.35,-,-
1,"1/1/2018, 2:58:07 AM","1/1/2018, 3:11:52 AM",1,1.8,1,N,234,211,1,10.5,0.5,0.5,1,0,0.3,12.8,-,-
2,"1/1/2018, 2:13:10 AM","1/1/2018, 2:21:13 AM",1,1.05,1,N,107,170,2,7,0.5,0.5,0,0,0.3,8.3,-,-
2,"1/1/2018, 2:41:38 AM","1/1/2018, 3:12:33 AM",1,5.81,1,N,107,226,1,23.5,0.5,0.5,4.96,0,0.3,29.76,-,-
1,"1/1/2018, 2:28:38 AM","1/1/2018, 2:42:12 AM",2,0.7,1,N,170,233,2,9,0.5,0.5,0,0,0.3,10.3,-,-
1,"1/1/2018, 2:43:14 AM","1/1/2018, 3:00:32 AM",2,1.8,1,N,233,79,2,11.5,0.5,0.5,0,0,0.3,12.8,-,-
1,"1/1/2018, 2:25:34 AM","1/1/2018, 2:55:44 AM",1,7.9,1,N,113,41,1,27,0.5,0.5,4,0,0.3,32.3,-,-
1,"1/1/2018, 2:58:32 AM","1/1/2018, 3:43:45 AM",1,14.1,1,N,41,112,1,41.5,0.5,0.5,12.1,5.76,0.3,60.66,-,-
1,"1/1/2018, 2:08:30 AM","1/1/2018, 2:13:10 AM",1,0.8,1,N,229,237,2,5,0.5,0.5,0,0,0.3,6.3,-,-
1,"1/1/2018, 2:17:19 AM","1/1/2018, 2:41:54 AM",1,5.9,1,N,43,232,2,22.5,0.5,0.5,0,0,0.3,23.8,-,-
1,"1/1/2018, 2:42:41 AM","1/1/2018, 2:52:38 AM",1,1.5,1,N,232,79,1,8.5,0.5,0.5,1.95,0,0.3,11.75,-,-
1,"1/1/2018, 2:57:13 AM","1/1/2018, 3:01:22 AM",1,0.5,1,N,79,234,1,4.5,0.5,0.5,1.15,0,0.3,6.95,-,-
1,"1/1/2018, 2:17:32 AM","1/1/2018, 2:32:25 AM",1,9.2,1,N,107,244,3,25.5,0.5,0.5,0,0,0.3,26.8,-,-
1,"1/1/2018, 2:35:24 AM","1/1/2018, 2:43:41 AM",1,1.5,1,N,244,116,1,8,0.5,0.5,1.85,0,0.3,11.15,-,-
1,"1/1/2018, 2:46:18 AM","1/1/2018, 3:27:25 AM",3,6.6,1,N,116,152,1,29,0.5,0.5,6.05,0,0.3,36.35,-,-
1,"1/1/2018, 2:18:21 AM","1/1/2018, 2:43:23 AM",2,3.1,1,N,114,161,1,16.5,0.5,0.5,2.67,0,0.3,20.47,-,-
1,"1/1/2018, 2:46:37 AM","1/1/2018, 2:53:54 AM",2,1,1,N,162,170,1,6.5,0.5,0.5,1.95,0,0.3,9.75,-,-
2,"1/1/2018, 2:17:45 AM","1/1/2018, 2:23:34 AM",4,1.06,1,N,238,143,1,6,0.5,0.5,2,0,0.3,9.3,-,-
2,"1/1/2018, 2:25:43 AM","1/1/2018, 2:28:29 AM",4,0.87,1,N,143,142,1,4.5,0.5,0.5,1.74,0,0.3,7.54,-,-
2,"1/1/2018, 2:41:05 AM","1/1/2018, 2:50:54 AM",4,1.29,1,N,246,68,1,8,0.5,0.5,2.7,0,0.3,12,-,-
1,"1/1/2018, 2:24:41 AM","1/1/2018, 2:29:33 AM",2,0.8,1,N,249,90,1,5.5,0.5,0.5,1.7,0,0.3,8.5,-,-
1,"1/1/2018, 2:34:27 AM","1/1/2018, 2:37:28 AM",1,0.5,1,N,234,113,1,4,0.5,0.5,1.3,0,0.3,6.6,-,-
1,"1/1/2018, 2:45:23 AM","1/1/2018, 3:01:43 AM",2,2.2,1,N,249,170,1,12,0.5,0.5,2.65,0,0.3,15.95,-,-
2,"1/1/2018, 2:57:25 AM","1/1/2018, 3:10:19 AM",6,2.3,1,N,264,264,1,11,0.5,0.5,1,0,0.3,13.3,-,-
2,"1/1/2018, 2:28:51 AM","1/1/2018, 2:46:15 AM",1,3.81,1,N,246,239,1,15,0.5,0.5,3.26,0,0.3,19.56,-,-
2,"1/1/2018, 2:49:41 AM","1/1/2018, 2:55:43 AM",1,0.88,1,N,239,239,1,5.5,0.5,0.5,1.7,0,0.3,8.5,-,-
2,"1/1/2018, 2:29:58 AM","1/1/2018, 3:06:54 AM",3,4.47,1,N,140,125,1,24.5,0.5,0.5,5.16,0,0.3,30.96,-,-
2,"1/1/2018, 2:18:00 AM","1/1/2018, 2:38:49 AM",1,4.58,1,N,142,7,2,17,0.5,0.5,0,0,0.3,18.3,-,-
1,"1/1/2018, 2:34:15 AM","1/1/2018, 2:45:46 AM",1,1.5,1,N,170,137,1,9,0.5,0.5,1,0,0.3,11.3,-,-
1,"1/1/2018, 2:49:25 AM","1/1/2018, 2:53:41 AM",1,0.8,1,N,224,4,2,5,0.5,0.5,0,0,0.3,6.3,-,-
1,"1/1/2018, 2:08:49 AM","1/1/2018, 2:30:37 AM",1,5.3,1,N,125,262,2,19,0.5,0.5,0,0,0.3,20.3,-,-
1,"1/1/2018, 2:32:32 AM","1/1/2018, 2:36:07 AM",1,0.7,1,N,262,140,1,5,0.5,0.5,1.55,0,0.3,7.85,-,-
1,"1/1/2018, 2:39:16 AM","1/1/2018, 2:43:18 AM",1,0.9,1,N,140,263,1,5.5,0.5,0.5,1.7,0,0.3,8.5,-,-
1,"1/1/2018, 2:45:38 AM","1/1/2018, 2:49:07 AM",1,0.8,1,N,263,263,1,4.5,0.5,0.5,1,0,0.3,6.8,-,-
1,"1/1/2018, 2:56:30 AM","1/1/2018, 3:12:26 AM",1,2.2,1,N,263,161,2,12.5,0.5,0.5,0,0,0.3,13.8,-,-
2,"1/1/2018, 2:06:38 AM","1/1/2018, 2:13:50 AM",5,1.51,1,N,181,181,1,7.5,0.5,0.5,1.76,0,0.3,10.56,-,-
2,"1/1/2018, 2:26:24 AM","1/1/2018, 2:45:55 AM",5,5.4,1,N,181,26,1,19.5,0.5,0.5,0,0,0.3,20.8,-,-
2,"1/1/2018, 2:54:47 AM","1/1/2018, 2:59:23 AM",5,0.98,1,N,21,108,1,5.5,0.5,0.5,0,0,0.3,6.8,-,-
2,"1/1/2018, 2:09:18 AM","1/1/2018, 2:42:57 AM",6,4.92,1,N,239,234,2,22.5,0.5,0.5,0,0,0.3,23.8,-,-
2,"1/1/2018, 2:52:16 AM","1/1/2018, 3:16:38 AM",6,2.13,1,N,90,148,1,16,0.5,0.5,4.32,0,0.3,21.62,-,-
1,"1/1/2018, 2:11:32 AM","1/1/2018, 2:13:55 AM",2,0.4,1,N,162,162,2,3.5,0.5,0.5,0,0,0.3,4.8,-,-
1,"1/1/2018, 2:24:30 AM","1/1/2018, 2:58:32 AM",2,6.6,1,N,237,173,2,26.5,0.5,0.5,0,0,0.3,27.8,-,-
2,"1/1/2018, 2:44:31 AM","1/1/2018, 2:47:07 AM",1,0.45,1,N,237,162,1,4,0.5,0.5,1.06,0,0.3,6.36,-,-
2,"1/1/2018, 2:48:57 AM","1/1/2018, 3:01:45 AM",1,2.35,1,N,229,79,2,10.5,0.5,0.5,0,0,0.3,11.8,-,-
1,"1/1/2018, 2:18:54 AM","1/1/2018, 2:28:34 AM",2,1.4,1,N,164,113,1,8,0.5,0.5,1.5,0,0.3,10.8,-,-
1,"1/1/2018, 2:31:26 AM","1/1/2018, 2:32:59 AM",4,0.1,1,N,113,113,1,3,0.5,0.5,0.01,0,0.3,4.31,-,-
1,"1/1/2018, 2:35:55 AM","1/1/2018, 2:42:42 AM",1,0.6,1,N,114,79,1,6,0.5,0.5,1.46,0,0.3,8.76,-,-
1,"1/1/2018, 2:22:30 AM","1/1/2018, 2:27:37 AM",4,0.5,1,N,231,211,1,5,0.5,0.5,1.25,0,0.3,7.55,-,-
1,"1/1/2018, 2:35:29 AM","1/1/2018, 2:50:39 AM",2,1.7,1,N,249,164,2,11,0.5,0.5,0,0,0.3,12.3,-,-
1,"1/1/2018, 2:52:13 AM","1/1/2018, 2:59:49 AM",2,0.9,1,N,164,162,2,6.5,0.5,0.5,0,0,0.3,7.8,-,-
1,"1/1/2018, 2:28:43 AM","1/1/2018, 2:41:43 AM",2,2.8,1,N,48,151,1,11.5,0.5,0.5,5,0,0.3,17.8,-,-
1,"1/1/2018, 2:47:34 AM","1/1/2018, 2:49:49 AM",1,0.7,1,N,151,238,2,4,0.5,0.5,0,0,0.3,5.3,-,-
1,"1/1/2018, 2:53:56 AM","1/1/2018, 3:00:56 AM",2,1.6,1,N,239,238,2,7,0.5,0.5,0,0,0.3,8.3,-,-
2,"1/1/2018, 2:05:14 AM","1/1/2018, 2:18:49 AM",1,1.94,1,N,79,249,1,10.5,0.5,0.5,2.36,0,0.3,14.16,-,-
2,"1/1/2018, 2:41:19 AM","1/1/2018, 2:59:42 AM",1,1.5,1,N,246,249,1,11.5,0.5,0.5,2.56,0,0.3,15.36,-,-
2,"1/1/2018, 2:12:44 AM","1/1/2018, 2:18:19 AM",1,0.27,1,N,161,170,2,5,0.5,0.5,0,0,0.3,6.3,-,-
2,"1/1/2018, 2:46:16 AM","1/1/2018, 3:00:07 AM",1,1.34,1,N,161,229,2,10,0.5,0.5,0,0,0.3,11.3,-,-
2,"1/1/2018, 2:13:58 AM","1/1/2018, 2:22:06 AM",1,1.37,1,N,141,142,1,7.5,0.5,0.5,2.64,0,0.3,11.44,-,-
2,"1/1/2018, 2:24:05 AM","1/1/2018, 2:37:24 AM",1,2.37,1,N,142,151,1,11.5,0.5,0.5,3.84,0,0.3,16.64,-,-
2,"1/1/2018, 2:39:35 AM","1/1/2018, 2:54:37 AM",1,4.01,1,N,151,42,1,14.5,0.5,0.5,2,0,0.3,17.8,-,-
2,"1/1/2018, 2:57:17 AM","1/1/2018, 3:16:36 AM",1,3.17,1,N,42,75,2,15,0.5,0.5,0,0,0.3,16.3,-,-
2,"1/1/2018, 2:08:32 AM","1/1/2018, 2:34:07 AM",1,16.55,2,N,132,137,2,52,0,0.5,0,5.76,0.3,58.56,-,-
2,"1/1/2018, 2:40:12 AM","1/1/2018, 2:56:42 AM",1,3.57,1,N,107,262,2,13.5,0.5,0.5,0,0,0.3,14.8,-,-
1,"1/1/2018, 2:28:27 AM","1/1/2018, 2:41:55 AM",4,1.5,1,N,79,211,3,9.5,0.5,0.5,0,0,0.3,10.8,-,-
1,"1/1/2018, 2:45:12 AM","1/1/2018, 2:54:09 AM",4,1.3,1,N,211,261,3,7.5,0.5,0.5,0,0,0.3,8.8,-,-
1,"1/1/2018, 2:07:54 AM","1/1/2018, 2:20:00 AM",1,1.6,1,N,48,90,1,9.5,0.5,0.5,1,0,0.3,11.8,-,-
1,"1/1/2018, 2:42:02 AM","1/1/2018, 2:42:53 AM",1,1.6,1,N,68,100,2,2.5,0.5,0.5,0,0,0.3,3.8,-,-
1,"1/1/2018, 2:33:50 AM","1/1/2018, 2:46:22 AM",4,1.5,1,N,163,233,2,9.5,0.5,0.5,0,0,0.3,10.8,-,-
1,"1/1/2018, 2:10:49 AM","1/1/2018, 2:20:51 AM",1,1.6,1,N,148,87,1,8.5,0.5,0.5,2.9,0,0.3,12.7,-,-
1,"1/1/2018, 2:23:15 AM","1/1/2018, 2:41:31 AM",1,3.3,1,N,261,79,2,14,0.5,0.5,0,0,0.3,15.3,-,-
1,"1/1/2018, 2:47:17 AM","1/1/2018, 3:00:12 AM",2,4.1,1,N,79,13,1,14.5,0.5,0.5,3.15,0,0.3,18.95,-,-
1,"1/1/2018, 2:16:45 AM","1/1/2018, 2:43:27 AM",1,19.7,2,N,132,116,1,52,0,0.5,11.7,5.76,0.3,70.26,-,-
1,"1/1/2018, 2:52:22 AM","1/1/2018, 2:56:28 AM",1,0.9,1,N,152,41,2,5,0.5,0.5,0,0,0.3,6.3,-,-
1,"1/1/2018, 2:27:12 AM","1/1/2018, 2:37:17 AM",2,1.4,1,N,141,236,2,8.5,0.5,0.5,0,0,0.3,9.8,-,-
1,"1/1/2018, 2:38:20 AM","1/1/2018, 2:43:42 AM",2,0.6,1,N,236,140,1,5.5,0.5,0.5,1.35,0,0.3,8.15,-,-
1,"1/1/2018, 2:58:46 AM","1/1/2018, 3:17:02 AM",4,3,1,N,141,143,1,14,0.5,0.5,4.55,0,0.3,19.85,-,-
1,"1/1/2018, 2:26:44 AM","1/1/2018, 2:59:45 AM",1,15.8,1,N,170,197,2,46,0.5,0.5,0,5.76,0.3,53.06,-,-
1,"1/1/2018, 2:07:15 AM","1/1/2018, 2:46:04 AM",2,4.5,1,N,236,144,1,25,0.5,0.5,5.25,0,0.3,31.55,-,-
1,"1/1/2018, 2:48:22 AM","1/1/2018, 2:59:38 AM",2,2,1,N,144,234,2,9.5,0.5,0.5,0,0,0.3,10.8,-,-
1,"1/1/2018, 2:23:56 AM","1/1/2018, 2:36:35 AM",2,3.4,1,N,161,7,2,13,0.5,0.5,0,0,0.3,14.3,-,-
1,"1/1/2018, 2:46:16 AM","1/1/2018, 3:00:26 AM",2,1.7,1,N,140,161,1,10.5,0.5,0.5,2.35,0,0.3,14.15,-,-
1,"1/1/2018, 2:08:56 AM","1/1/2018, 2:11:41 AM",1,0.4,1,N,148,148,1,4,0.5,0.5,0.53,0,0.3,5.83,-,-
1,"1/1/2018, 2:14:16 AM","1/1/2018, 2:42:41 AM",1,2.3,1,N,148,164,2,18,0.5,0.5,0,0,0.3,19.3,-,-
1,"1/1/2018, 2:44:53 AM","1/1/2018, 2:57:19 AM",1,1.7,1,N,79,158,1,9.5,0.5,0.5,2.15,0,0.3,12.95,-,-
2,"1/1/2018, 2:33:53 AM","1/1/2018, 2:45:20 AM",1,1,1,N,90,164,2,8.5,0.5,0.5,0,0,0.3,9.8,-,-
1,"1/1/2018, 2:05:12 AM","1/1/2018, 2:22:25 AM",1,8.6,1,N,238,241,2,26,0.5,0.5,0,0,0.3,27.3,-,-
1,"1/1/2018, 2:38:15 AM","1/1/2018, 2:46:22 AM",1,1.7,1,N,166,116,1,8.5,0.5,0.5,1.95,0,0.3,11.75,-,-
1,"1/1/2018, 2:58:19 AM","1/1/2018, 3:18:06 AM",1,6.2,1,N,151,137,1,21,0.5,0.5,1,0,0.3,23.3,-,-
2,"1/1/2018, 2:58:05 AM","1/1/2018, 3:14:37 AM",2,3.36,1,N,231,68,2,14,0.5,0.5,0,0,0.3,15.3,-,-
2,"1/1/2018, 2:03:20 AM","1/1/2018, 2:28:46 AM",1,10.62,1,N,138,61,1,32,0.5,0.5,6.66,0,0.3,39.96,-,-
2,"1/1/2018, 2:08:54 AM","1/1/2018, 2:19:23 AM",1,4.32,1,N,229,260,1,14,0.5,0.5,3.06,0,0.3,18.36,-,-
2,"1/1/2018, 2:28:15 AM","1/1/2018, 2:53:45 AM",1,5.34,1,N,146,249,1,20.5,0.5,0.5,3,0,0.3,24.8,-,-
2,"1/1/2018, 2:57:38 AM","1/1/2018, 3:16:38 AM",1,2.67,1,N,249,233,1,13,0.5,0.5,2.86,0,0.3,17.16,-,-
2,"1/1/2018, 2:30:52 AM","1/1/2018, 3:03:20 AM",1,13.43,1,N,161,67,1,39,0.5,0.5,2,0,0.3,42.3,-,-
1,"1/1/2018, 2:20:52 AM","1/1/2018, 2:24:24 AM",1,0.3,1,N,141,141,1,4,0.5,0.5,1.05,0,0.3,6.35,-,-
1,"1/1/2018, 2:26:12 AM","1/1/2018, 2:32:02 AM",1,0.8,1,N,141,140,2,5.5,0.5,0.5,0,0,0.3,6.8,-,-
1,"1/1/2018, 2:32:19 AM","1/1/2018, 2:34:52 AM",1,0.3,1,N,140,262,2,4,0.5,0.5,0,0,0.3,5.3,-,-
1,"1/1/2018, 2:38:54 AM","1/1/2018, 2:45:48 AM",1,0.9,1,N,262,263,1,6.5,0.5,0.5,1,0,0.3,8.8,-,-
1,"1/1/2018, 2:48:17 AM","1/1/2018, 3:13:04 AM",1,4.7,1,N,263,114,1,19,0.5,0.5,3,0,0.3,23.3,-,-
2,"1/1/2018, 2:20:13 AM","1/1/2018, 2:40:48 AM",2,11.6,1,N,43,259,1,32.5,0.5,0.5,10.14,0,0.3,43.94,-,-
1,"1/1/2018, 2:03:11 AM","1/1/2018, 2:11:11 AM",1,1.8,1,N,80,80,1,8.5,0.5,0.5,2.9,0,0.3,12.7,-,-
2,"1/1/2018, 2:11:22 AM","1/1/2018, 2:23:59 AM",1,2.65,1,N,164,141,1,11,0.5,0.5,2.46,0,0.3,14.76,-,-
2,"1/1/2018, 2:26:36 AM","1/1/2018, 2:29:08 AM",1,0.75,1,N,237,162,2,4.5,0.5,0.5,0,0,0.3,5.8,-,-
2,"1/1/2018, 2:31:17 AM","1/1/2018, 2:40:51 AM",1,1.61,1,N,162,142,2,8.5,0.5,0.5,0,0,0.3,9.8,-,-
2,"1/1/2018, 2:43:03 AM","1/1/2018, 3:05:25 AM",1,3.93,1,N,143,137,2,16.5,0.5,0.5,0,0,0.3,17.8,-,-
2,"1/1/2018, 2:13:38 AM","1/1/2018, 2:23:38 AM",1,1.83,1,N,239,24,2,9.5,0.5,0.5,0,0,0.3,10.8,-,-
2,"1/1/2018, 2:33:09 AM","1/1/2018, 2:35:27 AM",1,0.74,1,N,239,142,1,4,0.5,0.5,1.32,0,0.3,6.62,-,-
2,"1/1/2018, 2:37:15 AM","1/1/2018, 2:46:35 AM",1,1.48,1,N,142,237,1,8,0.5,0.5,1.86,0,0.3,11.16,-,-
2,"1/1/2018, 2:58:13 AM","1/1/2018, 3:00:33 AM",1,0.28,1,N,163,161,2,3.5,0.5,0.5,0,0,0.3,4.8,-,-
1,"1/1/2018, 2:30:40 AM","1/1/2018, 2:56:21 AM",1,10.9,1,N,161,208,2,31.5,0.5,0.5,0,0,0.3,32.8,-,-
1,"1/1/2018, 2:23:50 AM","1/1/2018, 2:34:56 AM",1,1.5,1,N,234,158,1,8.5,0.5,0.5,0,0,0.3,9.8,-,-
1,"1/1/2018, 2:44:09 AM","1/1/2018, 2:55:46 AM",1,1.5,1,N,90,224,1,9,0.5,0.5,0,0,0.3,10.3,-,-
1,"1/1/2018, 2:05:21 AM","1/1/2018, 2:08:41 AM",1,0.6,1,N,90,68,2,4.5,0.5,0.5,0,0,0.3,5.8,-,-
1,"1/1/2018, 2:31:17 AM","1/1/2018, 2:38:17 AM",2,0.7,1,N,264,264,1,6,0.5,0.5,1.8,0,0.3,9.1,-,-
1,"1/1/2018, 2:46:55 AM","1/1/2018, 3:14:26 AM",1,4.6,1,N,264,264,1,20.5,0.5,0.5,2,0,0.3,23.8,-,-
2,"1/1/2018, 2:14:30 AM","1/1/2018, 2:34:46 AM",1,5.58,1,N,79,7,2,18,0.5,0.5,0,0,0.3,19.3,-,-
2,"1/1/2018, 2:43:40 AM","1/1/2018, 2:43:44 AM",1,0,1,N,193,193,2,2.5,0.5,0.5,0,0,0.3,3.8,-,-
2,"1/2/2018, 1:58:22 AM","1/2/2018, 2:02:21 AM",1,0.87,1,N,113,114,1,4.5,0.5,0.5,1.16,0,0.3,6.96,-,-
1,"1/1/2018, 2:23:52 AM","1/1/2018, 2:47:32 AM",2,3.6,1,N,231,100,1,16.5,0.5,0.5,5,0,0.3,22.8,-,-
1,"1/1/2018, 2:48:36 AM","1/1/2018, 3:15:38 AM",1,3.2,1,N,100,229,1,17.5,0.5,0.5,5.6,0,0.3,24.4,-,-
2,"1/1/2018, 2:03:00 AM","1/1/2018, 2:18:28 AM",1,7.25,1,N,148,260,2,22,0.5,0.5,0,0,0.3,23.3,-,-
1,"1/1/2018, 2:06:37 AM","1/1/2018, 2:27:35 AM",1,1.1,1,N,161,234,1,13,0.5,0.5,4.25,0,0.3,18.55,-,-
1,"1/1/2018, 2:32:39 AM","1/1/2018, 3:15:27 AM",1,8.6,1,N,234,72,1,33,0.5,0.5,0,0,0.3,34.3,-,-
2,"1/1/2018, 2:30:11 AM","1/1/2018, 2:43:46 AM",1,2.2,1,N,45,79,1,11,0.5,0.5,2.46,0,0.3,14.76,-,-
1,"1/1/2018, 2:10:19 AM","1/1/2018, 2:22:14 AM",1,1.4,1,N,231,113,1,9,0.5,0.5,2.05,0,0.3,12.35,-,-
1,"1/1/2018, 2:32:28 AM","1/1/2018, 2:37:21 AM",2,0.7,1,N,79,79,1,5,0.5,0.5,1.25,0,0.3,7.55,-,-
1,"1/1/2018, 2:41:32 AM","1/1/2018, 2:47:55 AM",1,0.9,1,N,148,144,1,6,0.5,0.5,1,0,0.3,8.3,-,-
1,"1/1/2018, 2:50:45 AM","1/1/2018, 3:12:18 AM",2,4.2,1,N,231,141,1,17,0.5,0.5,2.75,0,0.3,21.05,-,-
1,"1/1/2018, 2:12:50 AM","1/1/2018, 2:15:14 AM",1,0.5,1,N,237,236,2,4,0.5,0.5,0,0,0.3,5.3,-,-
1,"1/1/2018, 2:16:30 AM","1/1/2018, 2:21:11 AM",1,1.7,1,N,236,74,2,6.5,0.5,0.5,0,0,0.3,7.8,-,-
1,"1/1/2018, 2:26:01 AM","1/1/2018, 2:30:59 AM",1,0.7,1,N,74,75,2,5,0.5,0.5,0,0,0.3,6.3,-,-
1,"1/1/2018, 2:42:52 AM","1/1/2018, 3:02:49 AM",1,3.6,1,N,141,224,2,15,0.5,0.5,0,0,0.3,16.3,-,-
2,"1/1/2018, 2:12:43 AM","1/1/2018, 2:30:46 AM",2,2.11,1,N,186,233,2,12.5,0.5,0.5,0,0,0.3,13.8,-,-
2,"1/1/2018, 2:56:32 AM","1/1/2018, 3:45:44 AM",1,7.81,1,N,161,52,2,34.5,0.5,0.5,0,0,0.3,35.8,-,-
1,"1/1/2018, 2:50:22 AM","1/1/2018, 3:21:43 AM",2,20,1,N,132,189,1,55,0.5,0.5,14.05,0,0.3,70.35,-,-
1,"1/1/2018, 2:37:02 AM","1/1/2018, 2:58:02 AM",1,1.2,1,N,163,170,3,13,0.5,0.5,0,0,0.3,14.3,-,-
2,"1/1/2018, 2:46:59 AM","1/1/2018, 3:20:31 AM",6,7.42,1,N,83,142,2,28.5,0.5,0.5,0,0,0.3,29.8,-,-
1,"1/1/2018, 2:27:24 AM","1/1/2018, 2:41:52 AM",1,3.4,1,N,142,229,1,13,0.5,0.5,3.55,0,0.3,17.85,-,-
1,"1/1/2018, 2:55:57 AM","1/1/2018, 3:33:45 AM",2,4.1,1,N,107,143,2,22,0.5,0.5,0,0,0.3,23.3,-,-
1,"1/1/2018, 2:30:57 AM","1/1/2018, 2:39:20 AM",2,0.8,1,N,249,114,2,6.5,0.5,0.5,0,0,0.3,7.8,-,-
1,"1/1/2018, 2:40:20 AM","1/1/2018, 2:47:38 AM",1,1.1,1,N,114,107,2,6.5,0.5,0.5,0,0,0.3,7.8,-,-
1,"1/1/2018, 2:48:54 AM","1/1/2018, 3:25:07 AM",2,4.3,1,N,107,239,2,23,0.5,0.5,0,0,0.3,24.3,-,-
1,"1/1/2018, 2:15:15 AM","1/1/2018, 2:18:24 AM",4,0.7,1,N,162,162,2,4,0.5,0.5,0,0,0.3,5.3,-,-
1,"1/1/2018, 2:25:18 AM","1/1/2018, 2:31:45 AM",1,1.4,1,N,141,262,1,7,0.5,0.5,2.45,0,0.3,10.75,-,-
1,"1/1/2018, 2:48:42 AM","1/1/2018, 3:05:09 AM",2,2.1,1,N,43,239,1,12,0.5,0.5,2.65,0,0.3,15.95,-,-
2,"1/1/2018, 1:57:28 AM","1/1/2018, 2:14:57 AM",1,7.81,1,N,229,40,1,23,0.5,0.5,10,0,0.3,34.3,-,-
2,"1/1/2018, 2:23:51 AM","1/1/2018, 2:41:46 AM",1,4.08,1,N,65,164,2,16,0.5,0.5,0,0,0.3,17.3,-,-
2,"1/1/2018, 2:51:53 AM","1/1/2018, 2:54:41 AM",1,1.06,1,N,264,264,1,5,0.5,0.5,2,0,0.3,8.3,-,-
2,"1/1/2018, 2:57:54 AM","1/1/2018, 3:12:40 AM",1,4.48,1,N,140,90,2,15.5,0.5,0.5,0,0,0.3,16.8,-,-
2,"1/1/2018, 2:39:02 AM","1/1/2018, 3:15:42 AM",1,6.46,1,N,88,239,1,27.5,0.5,0.5,5.76,0,0.3,34.56,-,-
1,"1/1/2018, 2:28:30 AM","1/1/2018, 2:38:18 AM",1,1.4,1,N,4,137,1,8,0.5,0.5,1.85,0,0.3,11.15,-,-
1,"1/1/2018, 2:45:12 AM","1/1/2018, 2:54:59 AM",1,1.3,1,N,79,148,2,8,0.5,0.5,0,0,0.3,9.3,-,-
1,"1/1/2018, 2:57:50 AM","1/1/2018, 3:29:13 AM",1,8.7,1,N,148,42,2,28.5,0.5,0.5,0,0,0.3,29.8,-,-
1,"1/1/2018, 2:17:42 AM","1/1/2018, 2:34:37 AM",2,3.2,1,N,43,166,2,13.5,0.5,0.5,0,0,0.3,14.8,-,-
1,"1/1/2018, 2:49:27 AM","1/1/2018, 3:07:12 AM",2,3.2,1,N,238,48,1,15,0.5,0.5,3.26,0,0.3,19.56,-,-
1,"1/1/2018, 2:12:09 AM","1/1/2018, 2:26:51 AM",2,0.8,1,N,142,48,2,8,0.5,0.5,0,0,0.3,9.3,-,-
1,"1/1/2018, 2:31:35 AM","1/1/2018, 3:02:31 AM",1,4.5,1,N,48,148,2,22,0.5,0.5,0,0,0.3,23.3,-,-
1,"1/1/2018, 2:38:47 AM","1/1/2018, 2:53:46 AM",2,1,1,N,90,230,2,10,0.5,0.5,0,0,0.3,11.3,-,-
1,"1/1/2018, 2:55:19 AM","1/1/2018, 3:17:37 AM",2,8,1,N,230,243,1,25,0.5,0.5,4,0,0.3,30.3,-,-
1,"1/1/2018, 2:28:45 AM","1/1/2018, 2:53:45 AM",1,4.3,1,N,151,229,1,19,0.5,0.5,4.05,0,0.3,24.35,-,-
1,"1/1/2018, 2:54:41 AM","1/1/2018, 2:58:04 AM",1,0.5,1,N,229,162,1,4,0.5,0.5,1.3,0,0.3,6.6,-,-
1,"1/1/2018, 2:12:03 AM","1/1/2018, 2:20:56 AM",1,1.8,1,N,171,73,2,8.5,0.5,0.5,0,0,0.3,9.8,-,-
1,"1/1/2018, 2:29:43 AM","1/1/2018, 2:40:15 AM",2,5.8,1,N,92,7,2,17.5,0.5,0.5,0,0,0.3,18.8,-,-
1,"1/1/2018, 2:51:01 AM","1/1/2018, 2:55:55 AM",1,1.2,1,N,7,7,2,6,0.5,0.5,0,0,0.3,7.3,-,-
2,"1/1/2018, 2:14:09 AM","1/1/2018, 2:33:40 AM",2,3.71,1,N,148,246,1,15.5,0.5,0.5,2,0,0.3,18.8,-,-
2,"1/1/2018, 2:35:27 AM","1/1/2018, 3:29:15 AM",2,11.39,1,N,246,198,2,42,0.5,0.5,0,0,0.3,43.3,-,-
1,"1/1/2018, 2:53:00 AM","1/1/2018, 3:05:52 AM",3,5.6,1,N,132,216,2,17.5,0.5,0.5,0,0,0.3,18.8,-,-
1,"1/1/2018, 2:05:58 AM","1/1/2018, 2:13:46 AM",2,1.3,1,N,142,237,1,7.5,0.5,0.5,2.2,0,0.3,11,-,-
1,"1/1/2018, 2:22:25 AM","1/1/2018, 2:54:24 AM",2,2.2,1,N,43,164,1,19,0.5,0.5,3,0,0.3,23.3,-,-
1,"1/1/2018, 2:20:06 AM","1/1/2018, 2:25:53 AM",1,1.3,1,N,43,162,2,6.5,0.5,0.5,0,0,0.3,7.8,-,-
1,"1/1/2018, 2:38:36 AM","1/1/2018, 2:49:38 AM",2,2.3,1,N,141,238,2,10,0.5,0.5,0,0,0.3,11.3,-,-
1,"1/1/2018, 2:50:35 AM","1/1/2018, 2:58:51 AM",2,1.5,1,N,238,236,2,7.5,0.5,0.5,0,0,0.3,8.8,-,-
1,"1/1/2018, 2:20:56 AM","1/1/2018, 2:26:22 AM",1,0.8,1,N,170,79,1,5.5,0.5,0.5,1.35,0,0.3,8.15,-,-
1,"1/1/2018, 2:44:12 AM","1/1/2018, 3:03:38 AM",1,5.2,1,N,107,7,2,18,0.5,0.5,0,0,0.3,19.3,-,-
2,"1/1/2018, 2:16:45 AM","1/1/2018, 2:30:11 AM",2,1.5,1,N,114,249,1,10,0.5,0.5,2.26,0,0.3,13.56,-,-
2,"1/1/2018, 2:44:42 AM","1/1/2018, 3:06:32 AM",1,3.44,1,N,234,263,1,16,0.5,0.5,3.46,0,0.3,20.76,-,-
2,"1/1/2018, 2:27:50 AM","1/1/2018, 2:30:39 AM",2,0.3,1,N,162,162,2,4,0.5,0.5,0,0,0.3,5.3,-,-
2,"1/1/2018, 2:34:27 AM","1/1/2018, 2:47:23 AM",2,3.09,1,N,229,239,1,12.5,0.5,0.5,2.76,0,0.3,16.56,-,-
2,"1/1/2018, 2:49:14 AM","1/1/2018, 2:52:15 AM",2,0.68,1,N,239,142,1,4.5,0.5,0.5,1.16,0,0.3,6.96,-,-
2,"1/1/2018, 2:53:56 AM","1/1/2018, 3:19:49 AM",2,2.91,1,N,142,68,1,18,0.5,0.5,3.86,0,0.3,23.16,-,-
1,"1/1/2018, 2:29:16 AM","1/1/2018, 2:50:15 AM",1,4.1,1,N,234,263,1,16.5,0.5,0.5,3.55,0,0.3,21.35,-,-
1,"1/1/2018, 2:57:00 AM","1/1/2018, 3:18:57 AM",1,3.6,1,N,236,107,1,16,0.5,0.5,4.3,0,0.3,21.6,-,-
1,"1/1/2018, 2:06:21 AM","1/1/2018, 2:30:01 AM",2,9.4,1,N,114,244,1,29,0.5,0.5,9.05,0,0.3,39.35,-,-
1,"1/1/2018, 2:31:20 AM","1/1/2018, 2:36:16 AM",1,0.6,1,N,244,116,2,5,0.5,0.5,0,0,0.3,6.3,-,-
1,"1/1/2018, 2:37:05 AM","1/1/2018, 2:48:59 AM",1,3.7,1,N,116,238,1,13.5,0.5,0.5,4.4,0,0.3,19.2,-,-
1,"1/1/2018, 2:50:02 AM","1/1/2018, 2:53:28 AM",1,0.7,1,N,238,239,1,5,0.5,0.5,1,0,0.3,7.3,-,-
1,"1/1/2018, 2:55:17 AM","1/1/2018, 3:01:51 AM",2,1.1,1,N,143,238,1,6.5,0.5,0.5,1.55,0,0.3,9.35,-,-
2,"1/1/2018, 2:21:25 AM","1/1/2018, 2:31:25 AM",2,2.2,1,N,161,262,1,9.5,0.5,0.5,2.7,0,0.3,13.5,-,-
2,"1/1/2018, 2:41:34 AM","1/1/2018, 2:51:43 AM",2,1.27,1,N,237,162,1,8.5,0.5,0.5,1,0,0.3,10.8,-,-
2,"1/1/2018, 2:53:47 AM","1/1/2018, 3:17:03 AM",3,0.74,1,N,170,100,2,14,0.5,0.5,0,0,0.3,15.3,-,-
1,"1/1/2018, 2:24:55 AM","1/1/2018, 2:27:54 AM",1,0.4,1,N,50,50,2,4,0.5,0.5,0,0,0.3,5.3,-,-
1,"1/1/2018, 2:50:53 AM","1/1/2018, 3:02:25 AM",1,0.7,1,N,50,48,1,8.5,0.5,0.5,3,0,0.3,12.8,-,-
1,"1/1/2018, 2:19:46 AM","1/1/2018, 2:46:42 AM",3,3.2,1,N,48,231,1,18,0.5,0.5,3.85,0,0.3,23.15,-,-
1,"1/1/2018, 2:48:22 AM","1/1/2018, 3:11:57 AM",3,3.7,1,N,231,233,1,17,0.5,0.5,3,0,0.3,21.3,-,-
2,"1/1/2018, 2:04:18 AM","1/1/2018, 2:09:51 AM",1,0.63,1,N,234,234,2,5.5,0.5,0.5,0,0,0.3,6.8,-,-
2,"1/1/2018, 2:38:19 AM","1/1/2018, 2:55:57 AM",1,0.41,1,N,68,68,4,-11,-0.5,-0.5,0,0,-0.3,-12.3,-,-
2,"1/1/2018, 2:38:19 AM","1/1/2018, 2:55:57 AM",1,0.41,1,N,68,68,2,11,0.5,0.5,0,0,0.3,12.3,-,-
2,"1/1/2018, 2:30:29 AM","1/1/2018, 3:05:59 AM",3,13.3,1,N,132,181,2,40,0.5,0.5,0,0,0.3,41.3,-,-
1,"1/1/2018, 2:31:35 AM","1/1/2018, 2:48:15 AM",1,3.7,1,N,49,37,1,14.5,0.5,0.5,3.95,0,0.3,19.75,-,-
2,"1/1/2018, 2:28:02 AM","1/1/2018, 2:29:56 AM",1,0.76,1,N,263,141,1,4,0.5,0.5,1.59,0,0.3,6.89,-,-
2,"1/1/2018, 2:32:49 AM","1/1/2018, 2:38:23 AM",1,1.42,1,N,237,262,1,6.5,0.5,0.5,1.56,0,0.3,11.31,-,-
2,"1/1/2018, 2:56:26 AM","1/1/2018, 3:23:56 AM",1,10.73,1,N,229,220,1,34,0.5,0.5,0,0,0.3,35.3,-,-
2,"1/1/2018, 2:29:37 AM","1/1/2018, 2:40:54 AM",2,2.43,1,N,158,148,2,10,0.5,0.5,0,0,0.3,11.3,-,-
2,"1/1/2018, 2:41:36 AM","1/1/2018, 2:47:59 AM",2,1.09,1,N,148,4,1,6.5,0.5,0.5,1,0,0.3,8.8,-,-
2,"1/1/2018, 2:51:41 AM","1/1/2018, 2:55:45 AM",2,0.69,1,N,4,4,2,5,0.5,0.5,0,0,0.3,6.3,-,-
2,"1/1/2018, 2:56:53 AM","1/1/2018, 3:04:56 AM",1,1.16,1,N,224,148,1,7,0.5,0.5,2.08,0,0.3,10.38,-,-
1,"1/1/2018, 2:14:46 AM","1/1/2018, 2:27:29 AM",1,1.6,1,N,79,90,1,9.5,0.5,0.5,2,0,0.3,12.8,-,-
1,"1/1/2018, 2:28:59 AM","1/1/2018, 2:40:19 AM",2,1.6,1,N,234,144,1,9,0.5,0.5,2.06,0,0.3,12.36,-,-
1,"1/1/2018, 2:43:04 AM","1/1/2018, 3:29:01 AM",1,8,1,N,144,24,1,34,0.5,0.5,7.05,0,0.3,42.35,-,-
2,"1/1/2018, 2:22:06 AM","1/1/2018, 2:36:49 AM",1,1.71,1,N,249,148,1,10.5,0.5,0.5,2.36,0,0.3,14.16,-,-
2,"1/1/2018, 2:39:17 AM","1/1/2018, 2:54:06 AM",1,2.43,1,N,148,170,1,11.5,0.5,0.5,3.2,0,0.3,16,-,-
2,"1/1/2018, 2:58:37 AM","1/1/2018, 3:10:39 AM",1,2.1,1,N,170,79,1,9.5,0.5,0.5,3.24,0,0.3,14.04,-,-
2,"1/1/2018, 2:20:51 AM","1/1/2018, 2:27:39 AM",2,0.93,1,N,43,162,2,6.5,0.5,0.5,0,0,0.3,7.8,-,-
2,"1/1/2018, 2:30:29 AM","1/1/2018, 2:35:48 AM",2,0.73,1,N,162,170,2,5.5,0.5,0.5,0,0,0.3,6.8,-,-
2,"1/1/2018, 3:01:06 AM","1/1/2018, 3:21:30 AM",1,4.11,1,N,233,239,2,16,0.5,0.5,0,0,0.3,17.3,-,-
1,"1/1/2018, 2:28:35 AM","1/1/2018, 2:47:11 AM",2,3.6,1,N,90,141,2,15,0.5,0.5,0,0,0.3,16.3,-,-
1,"1/1/2018, 2:48:07 AM","1/1/2018, 2:52:15 AM",3,0.6,1,N,141,140,1,5,0.5,0.5,1.25,0,0.3,7.55,-,-
1,"1/1/2018, 2:58:09 AM","1/1/2018, 3:10:13 AM",2,6.9,1,N,141,88,2,20,0.5,0.5,0,0,0.3,21.3,-,-
2,"1/1/2018, 2:24:49 AM","1/1/2018, 2:32:00 AM",1,1.33,1,N,237,262,2,7,0.5,0.5,0,0,0.3,8.3,-,-
2,"1/1/2018, 2:36:24 AM","1/1/2018, 2:46:13 AM",1,1.86,1,N,263,238,1,9,0.5,0.5,2.06,0,0.3,12.36,-,-
2,"1/1/2018, 2:49:07 AM","1/1/2018, 3:00:36 AM",1,2.67,1,N,239,75,2,11,0.5,0.5,0,0,0.3,12.3,-,-
1,"1/1/2018, 2:27:02 AM","1/1/2018, 2:34:38 AM",4,0.8,1,N,237,237,1,6.5,0.5,0.5,1.55,0,0.3,9.35,-,-
1,"1/1/2018, 2:39:32 AM","1/1/2018, 3:00:15 AM",2,2.7,1,N,237,137,1,14.5,0.5,0.5,3.15,0,0.3,18.95,-,-
2,"1/1/2018, 2:27:24 AM","1/1/2018, 3:11:33 AM",1,1.42,1,N,161,186,2,24,0.5,0.5,0,0,0.3,25.3,-,-
1,"1/1/2018, 2:39:37 AM","1/1/2018, 2:58:28 AM",3,2.9,1,N,142,229,1,13.5,0.5,0.5,0,0,0.3,14.8,-,-
2,"1/1/2018, 2:19:13 AM","1/1/2018, 2:32:05 AM",1,1.05,1,N,107,68,1,9.5,0.5,0.5,2.16,0,0.3,12.96,-,-
2,"1/1/2018, 2:35:42 AM","1/1/2018, 2:51:37 AM",1,1.83,1,N,246,48,2,11,0.5,0.5,0,0,0.3,12.3,-,-
1,"1/1/2018, 2:12:44 AM","1/1/2018, 2:32:16 AM",1,2.1,1,N,231,137,1,12.5,0.5,0.5,2.07,0,0.3,15.87,-,-
1,"1/1/2018, 2:33:03 AM","1/1/2018, 2:52:58 AM",1,4.8,1,N,107,238,2,17.5,0.5,0.5,0,0,0.3,18.8,-,-
1,"1/1/2018, 2:45:11 AM","1/1/2018, 2:57:49 AM",2,2.2,1,N,239,141,2,10.5,0.5,0.5,0,0,0.3,11.8,-,-
1,"1/1/2018, 2:16:02 AM","1/1/2018, 2:50:46 AM",1,5.7,1,N,255,229,1,24.5,0.5,0.5,7.7,0,0.3,33.5,-,-
1,"1/1/2018, 2:53:06 AM","1/1/2018, 3:10:24 AM",2,1.2,1,N,229,164,2,11.5,0.5,0.5,0,0,0.3,12.8,-,-
1,"1/1/2018, 2:20:58 AM","1/1/2018, 2:47:20 AM",2,8.2,1,N,249,116,1,27,0.5,0.5,0.4,0,0.3,28.7,-,-
1,"1/1/2018, 2:52:43 AM","1/1/2018, 2:58:45 AM",4,1,1,N,116,42,2,6,0.5,0.5,0,0,0.3,7.3,-,-
2,"1/1/2018, 2:23:07 AM","1/1/2018, 2:43:38 AM",1,3.92,1,N,79,237,2,16,0.5,0.5,0,0,0.3,17.3,-,-
2,"1/1/2018, 2:48:24 AM","1/1/2018, 3:12:24 AM",1,6.51,1,N,162,173,2,23,0.5,0.5,0,0,0.3,24.3,-,-
1,"1/1/2018, 2:16:22 AM","1/1/2018, 2:21:29 AM",1,1.4,1,N,141,229,2,6.5,0.5,0.5,0,0,0.3,7.8,-,-
1,"1/1/2018, 2:23:01 AM","1/1/2018, 2:37:59 AM",1,3.5,1,N,229,238,1,14,0.5,0.5,3.8,0,0.3,19.1,-,-
1,"1/1/2018, 2:40:29 AM","1/1/2018, 2:48:56 AM",1,1.5,1,N,238,166,2,8,0.5,0.5,0,0,0.3,9.3,-,-
1,"1/1/2018, 2:49:56 AM","1/1/2018, 2:55:12 AM",1,1.1,1,N,166,238,1,6,0.5,0.5,1.45,0,0.3,8.75,-,-
1,"1/1/2018, 2:57:50 AM","1/1/2018, 3:10:51 AM",1,5,1,N,238,244,1,17,0.5,0.5,5.45,0,0.3,23.75,-,-
2,"1/1/2018, 2:07:33 AM","1/1/2018, 2:11:37 AM",2,0.83,1,N,141,262,1,5,0.5,0.5,1.89,0,0.3,8.19,-,-
2,"1/1/2018, 2:22:07 AM","1/1/2018, 2:34:40 AM",2,2.65,1,N,262,238,1,11,0.5,0.5,3.08,0,0.3,15.38,-,-
2,"1/1/2018, 2:44:42 AM","1/1/2018, 2:57:02 AM",2,1.69,1,N,239,50,2,10,0.5,0.5,0,0,0.3,11.3,-,-
2,"1/1/2018, 3:01:57 AM","1/1/2018, 3:03:26 AM",2,0.31,1,N,50,50,1,3.5,0.5,0.5,0.96,0,0.3,5.76,-,-
1,"1/1/2018, 2:12:21 AM","1/1/2018, 2:59:22 AM",1,5.4,1,N,87,148,1,29,0.5,0.5,3,0,0.3,33.3,-,-
2,"1/1/2018, 2:41:07 AM","1/1/2018, 2:59:04 AM",2,1.31,1,N,162,164,2,12,0.5,0.5,0,0,0.3,13.3,-,-
1,"1/1/2018, 2:05:32 AM","1/1/2018, 2:17:04 AM",1,1.7,1,N,148,234,1,9,0.5,0.5,0,0,0.3,10.3,-,-
1,"1/1/2018, 2:46:01 AM","1/1/2018, 3:08:24 AM",1,3.2,1,N,170,239,1,16,0.5,0.5,3.45,0,0.3,20.75,-,-
1,"1/1/2018, 2:14:41 AM","1/1/2018, 2:32:20 AM",1,4.2,1,N,79,236,1,15.5,0.5,0.5,3.35,0,0.3,20.15,-,-
1,"1/1/2018, 2:37:45 AM","1/1/2018, 2:41:11 AM",1,0.7,1,N,263,140,1,5,0.5,0.5,1.55,0,0.3,7.85,-,-
1,"1/1/2018, 2:47:48 AM","1/1/2018, 2:48:54 AM",1,0.4,1,N,237,237,1,3.5,0.5,0.5,0.95,0,0.3,5.75,-,-
1,"1/1/2018, 2:52:34 AM","1/1/2018, 2:55:59 AM",2,1.2,1,N,237,75,1,5.5,0.5,0.5,0.5,0,0.3,7.3,-,-
2,"1/1/2018, 2:37:21 AM","1/1/2018, 2:57:27 AM",6,8.72,1,N,231,67,2,26,0.5,0.5,0,5.76,0.3,33.06,-,-
1,"1/1/2018, 2:11:47 AM","1/1/2018, 2:15:05 AM",1,0.8,1,N,113,249,2,4.5,0.5,0.5,0,0,0.3,5.8,-,-
1,"1/1/2018, 2:17:58 AM","1/1/2018, 2:22:10 AM",3,0.8,1,N,90,125,1,5,0.5,0.5,1.85,0,0.3,8.15,-,-
1,"1/1/2018, 2:26:55 AM","1/1/2018, 2:43:03 AM",1,3.2,1,N,211,246,2,13.5,0.5,0.5,0,0,0.3,14.8,-,-
1,"1/1/2018, 2:47:45 AM","1/1/2018, 3:15:06 AM",2,0.8,1,N,246,48,2,16,0.5,0.5,0,0,0.3,17.3,-,-
2,"1/1/2018, 2:22:07 AM","1/1/2018, 2:55:45 AM",2,2.67,1,N,107,48,2,17,0.5,0.5,0,0,0.3,18.3,-,-
2,"1/1/2018, 2:56:07 AM","1/1/2018, 3:08:06 AM",3,1.72,1,N,48,239,1,9.5,0.5,0.5,1.11,0,0.3,11.91,-,-
2,"1/1/2018, 2:35:14 AM","1/1/2018, 2:45:58 AM",1,1.19,1,N,48,142,1,8.5,0.5,0.5,1.96,0,0.3,11.76,-,-
2,"1/1/2018, 2:48:15 AM","1/1/2018, 2:57:20 AM",1,2.24,1,N,142,151,2,9.5,0.5,0.5,0,0,0.3,10.8,-,-
2,"1/1/2018, 3:00:07 AM","1/1/2018, 3:04:39 AM",2,0.6,1,N,151,238,1,5,0.5,0.5,1.58,0,0.3,7.88,-,-
2,"1/1/2018, 2:11:52 AM","1/1/2018, 2:23:17 AM",5,1.94,1,N,4,90,1,9.5,0.5,0.5,3.24,0,0.3,14.04,-,-
2,"1/1/2018, 2:25:15 AM","1/1/2018, 2:27:25 AM",4,0.48,1,N,90,68,2,3.5,0.5,0.5,0,0,0.3,4.8,-,-
2,"1/1/2018, 2:39:49 AM","1/1/2018, 3:05:10 AM",5,2.9,1,N,68,79,2,17,0.5,0.5,0,0,0.3,18.3,-,-
2,"1/1/2018, 2:14:09 AM","1/1/2018, 2:44:06 AM",1,8.77,1,N,41,223,1,29,0.5,0.5,6.06,0,0.3,36.36,-,-
2,"1/1/2018, 2:49:57 AM","1/1/2018, 3:19:59 AM",1,14.29,1,N,223,228,2,42,0.5,0.5,0,0,0.3,43.3,-,-
1,"1/1/2018, 2:16:01 AM","1/1/2018, 2:34:11 AM",1,2,1,N,48,107,1,12.5,0.5,0.5,4.1,0,0.3,17.9,-,-
1,"1/1/2018, 2:36:37 AM","1/1/2018, 2:44:45 AM",1,1,1,N,107,79,1,7,0.5,0.5,1.65,0,0.3,9.95,-,-
1,"1/1/2018, 2:47:52 AM","1/1/2018, 2:54:15 AM",1,0.8,1,N,107,234,2,6,0.5,0.5,0,0,0.3,7.3,-,-
2,"1/1/2018, 2:35:45 AM","1/1/2018, 2:43:32 AM",1,1.68,1,N,13,231,1,7.5,0.5,0.5,1.76,0,0.3,10.56,-,-
2,"1/1/2018, 2:47:04 AM","1/1/2018, 2:59:53 AM",1,1.84,1,N,45,79,1,10,0.5,0.5,2.26,0,0.3,13.56,-,-
2,"1/1/2018, 2:17:40 AM","1/1/2018, 2:21:43 AM",1,0.91,1,N,238,151,1,5.5,0.5,0.5,1.36,0,0.3,8.16,-,-
2,"1/1/2018, 2:23:14 AM","1/1/2018, 2:29:44 AM",1,1.52,1,N,151,166,1,7.5,0.5,0.5,1.32,0,0.3,10.12,-,-
2,"1/1/2018, 2:34:34 AM","1/1/2018, 2:49:11 AM",1,3.51,1,N,151,141,2,13,0.5,0.5,0,0,0.3,14.3,-,-
1,"1/1/2018, 2:25:30 AM","1/1/2018, 2:52:28 AM",2,10.9,1,N,236,181,2,33.5,0.5,0.5,0,0,0.3,34.8,-,-
2,"1/1/2018, 2:06:57 AM","1/1/2018, 3:00:12 AM",1,7.73,1,N,249,146,2,35.5,0.5,0.5,0,0,0.3,36.8,-,-
1,"1/1/2018, 2:33:14 AM","1/1/2018, 2:50:19 AM",1,0.6,1,N,50,230,1,11,0.5,0.5,0,0,0.3,12.3,-,-
1,"1/1/2018, 2:52:03 AM","1/1/2018, 3:04:18 AM",1,2.9,1,N,230,151,2,11.5,0.5,0.5,0,0,0.3,12.8,-,-
2,"1/1/2018, 2:06:21 AM","1/1/2018, 2:20:51 AM",1,3.31,1,N,186,140,1,13,0.5,0.5,2.86,0,0.3,17.16,-,-
2,"1/1/2018, 2:28:00 AM","1/1/2018, 2:39:34 AM",1,3.37,1,N,263,42,1,11.5,0.5,0.5,2.56,0,0.3,15.36,-,-
2,"1/1/2018, 2:50:07 AM","1/1/2018, 2:58:18 AM",1,1.33,1,N,43,262,1,7.5,0.5,0.5,2.2,0,0.3,11,-,-
2,"1/1/2018, 2:16:14 AM","1/1/2018, 2:26:48 AM",1,2.33,1,N,140,170,1,10.5,0.5,0.5,2.36,0,0.3,14.16,-,-
2,"1/1/2018, 2:36:47 AM","1/1/2018, 2:42:31 AM",1,0.59,1,N,170,170,2,5.5,0.5,0.5,0,0,0.3,6.8,-,-
2,"1/1/2018, 2:50:33 AM","1/1/2018, 2:58:26 AM",1,1.12,1,N,170,233,1,7,0.5,0.5,1,0,0.3,9.3,-,-
1,"1/1/2018, 2:22:53 AM","1/1/2018, 2:27:55 AM",3,0.9,1,N,140,263,2,5.5,0.5,0.5,0,0,0.3,6.8,-,-
2,"1/1/2018, 2:15:02 AM","1/1/2018, 2:26:35 AM",1,2.61,1,N,43,137,2,10,0.5,0.5,0,0,0.3,11.3,-,-
2,"1/1/2018, 2:50:30 AM","1/1/2018, 3:15:33 AM",1,6.92,1,N,234,226,2,23.5,0.5,0.5,0,0,0.3,24.8,-,-
1,"1/1/2018, 2:59:05 AM","1/1/2018, 3:07:06 AM",2,1,1,N,107,224,1,6.5,0.5,0.5,2.3,0,0.3,10.1,-,-
2,"1/1/2018, 2:47:22 AM","1/1/2018, 3:02:27 AM",5,2.41,1,N,249,230,2,11.5,0.5,0.5,0,0,0.3,12.8,-,-
1,"1/1/2018, 2:11:55 AM","1/1/2018, 2:17:14 AM",1,1.6,1,N,141,233,1,6.5,0.5,0.5,1.17,0,0.3,8.97,-,-
1,"1/1/2018, 2:17:43 AM","1/1/2018, 2:31:16 AM",1,3.4,1,N,233,148,1,13.5,0.5,0.5,2.95,0,0.3,17.75,-,-
1,"1/1/2018, 2:35:12 AM","1/1/2018, 2:48:28 AM",1,2.3,1,N,79,170,1,11,0.5,0.5,2.45,0,0.3,14.75,-,-
1,"1/1/2018, 2:55:48 AM","1/1/2018, 3:07:52 AM",1,3.1,1,N,170,262,1,11.5,0.5,0.5,2,0,0.3,14.8,-,-
1,"1/1/2018, 2:30:54 AM","1/1/2018, 3:04:50 AM",1,7.7,1,N,24,114,1,28.5,0.5,0.5,7.45,0,0.3,37.25,-,-
2,"1/1/2018, 2:12:34 AM","1/1/2018, 2:15:52 AM",1,0.64,1,N,263,262,1,4.5,0.5,0.5,1.74,0,0.3,7.54,-,-
2,"1/1/2018, 2:19:05 AM","1/1/2018, 2:29:36 AM",1,3.57,1,N,262,107,2,12.5,0.5,0.5,0,0,0.3,13.8,-,-
2,"1/1/2018, 2:41:46 AM","1/1/2018, 2:44:58 AM",1,0.43,1,N,137,233,1,4,0.5,0.5,0.5,0,0.3,5.8,-,-
2,"1/1/2018, 2:53:01 AM","1/1/2018, 2:59:42 AM",1,1,1,N,137,79,1,6.5,0.5,0.5,1.56,0,0.3,9.36,-,-
1,"1/1/2018, 2:27:00 AM","1/1/2018, 2:36:11 AM",2,2.5,1,N,161,238,2,10,0.5,0.5,0,0,0.3,11.3,-,-
1,"1/1/2018, 2:37:39 AM","1/1/2018, 2:39:46 AM",2,0.6,1,N,238,238,2,4,0.5,0.5,0,0,0.3,5.3,-,-
1,"1/1/2018, 2:41:40 AM","1/1/2018, 2:46:03 AM",2,0.6,1,N,238,238,2,5,0.5,0.5,0,0,0.3,6.3,-,-
1,"1/1/2018, 2:46:51 AM","1/1/2018, 2:58:52 AM",2,3,1,N,238,141,2,11.5,0.5,0.5,0,0,0.3,12.8,-,-
1,"1/1/2018, 2:59:44 AM","1/1/2018, 3:04:14 AM",2,0.9,1,N,140,237,1,5,0.5,0.5,2,0,0.3,8.3,-,-
2,"1/1/2018, 2:25:20 AM","1/1/2018, 2:29:54 AM",1,0.97,1,N,142,238,1,6,0.5,0.5,1.46,0,0.3,8.76,-,-
2,"1/1/2018, 2:38:28 AM","1/1/2018, 3:00:23 AM",1,1.44,1,N,142,48,2,14,0.5,0.5,0,0,0.3,15.3,-,-
1,"1/1/2018, 2:41:10 AM","1/1/2018, 2:43:40 AM",4,0.7,1,N,193,145,2,4.5,0.5,0.5,0,0,0.3,5.8,-,-
2,"1/1/2018, 2:02:22 AM","1/1/2018, 2:09:14 AM",1,2.03,1,N,170,141,2,8,0.5,0.5,0,0,0.3,9.3,-,-
2,"1/1/2018, 2:11:38 AM","1/1/2018, 2:23:59 AM",1,6.61,1,N,141,87,1,19.5,0.5,0.5,4.16,0,0.3,24.96,-,-
2,"1/1/2018, 2:25:52 AM","1/1/2018, 2:38:34 AM",1,3.3,1,N,209,181,1,13,0.5,0.5,2.86,0,0.3,17.16,-,-
2,"1/1/2018, 2:44:22 AM","1/1/2018, 2:56:26 AM",1,2.63,1,N,25,61,1,11.5,0.5,0.5,10,0,0.3,22.8,-,-
1,"1/1/2018, 2:17:00 AM","1/1/2018, 3:01:37 AM",1,20.1,2,N,132,239,2,52,0,0.5,0,0,0.3,52.8,-,-
1,"1/1/2018, 2:21:28 AM","1/1/2018, 2:25:53 AM",1,0.9,1,N,238,166,1,5.5,0.5,0.5,2.2,0,0.3,9,-,-
1,"1/1/2018, 2:28:08 AM","1/1/2018, 2:45:11 AM",2,4.8,1,N,166,246,1,17.5,0.5,0.5,1.5,0,0.3,20.3,-,-
1,"1/1/2018, 2:08:43 AM","1/1/2018, 2:22:06 AM",1,2.7,1,N,114,68,1,11.5,0.5,0.5,2.5,0,0.3,15.3,-,-
1,"1/1/2018, 2:27:12 AM","1/1/2018, 2:57:00 AM",1,4.5,1,N,186,146,2,21,0.5,0.5,0,0,0.3,22.3,-,-
1,"1/1/2018, 2:58:26 AM","1/1/2018, 3:09:00 AM",1,2,1,N,146,7,2,9.5,0.5,0.5,0,0,0.3,10.8,-,-
2,"1/1/2018, 2:18:12 AM","1/1/2018, 2:26:01 AM",3,0.93,1,N,237,162,1,7,0.5,0.5,2.49,0,0.3,10.79,-,-
2,"1/1/2018, 2:30:58 AM","1/1/2018, 2:52:18 AM",4,6.61,1,N,161,13,1,22.5,0.5,0.5,4.76,0,0.3,28.56,-,-
2,"1/1/2018, 2:57:48 AM","1/1/2018, 3:36:40 AM",4,6.79,1,N,231,236,1,29.5,0.5,0.5,6.16,0,0.3,36.96,-,-
2,"1/1/2018, 1:59:20 AM","1/1/2018, 2:04:31 AM",5,1.01,1,N,137,170,1,5.5,0.5,0.5,1.2,0,0.3,8,-,-
2,"1/1/2018, 2:25:27 AM","1/1/2018, 2:29:29 AM",5,0.86,1,N,141,229,2,5,0.5,0.5,0,0,0.3,6.3,-,-
2,"1/1/2018, 2:32:28 AM","1/1/2018, 2:34:33 AM",5,0.33,1,N,229,162,1,3.5,0.5,0.5,0.96,0,0.3,5.76,-,-
2,"1/1/2018, 2:36:00 AM","1/1/2018, 2:58:51 AM",5,6.76,1,N,162,198,1,21.5,0.5,0.5,5.71,5.76,0.3,34.27,-,-
2,"1/1/2018, 2:25:39 AM","1/1/2018, 2:30:37 AM",1,0.72,1,N,79,144,1,5,0.5,0.5,1.26,0,0.3,7.56,-,-
2,"1/1/2018, 2:34:07 AM","1/1/2018, 2:45:08 AM",1,1.23,1,N,144,4,1,8.5,0.5,0.5,1.96,0,0.3,11.76,-,-
2,"1/1/2018, 2:48:57 AM","1/1/2018, 3:05:57 AM",1,4.54,1,N,4,231,2,17.5,0.5,0.5,0,0,0.3,18.8,-,-
2,"1/1/2018, 2:29:31 AM","1/1/2018, 2:59:40 AM",1,4.8,1,N,48,261,2,22.5,0.5,0.5,0,0,0.3,23.8,-,-
2,"1/1/2018, 2:05:35 AM","1/1/2018, 2:26:10 AM",2,0.79,1,N,161,170,2,12.5,0.5,0.5,0,0,0.3,13.8,-,-
2,"1/1/2018, 2:27:14 AM","1/1/2018, 3:14:51 AM",2,4.7,1,N,170,261,2,29.5,0.5,0.5,0,0,0.3,30.8,-,-
1,"1/1/2018, 2:10:31 AM","1/1/2018, 2:13:16 AM",1,0.6,1,N,229,161,2,4,0.5,0.5,0,0,0.3,5.3,-,-
1,"1/1/2018, 2:20:38 AM","1/1/2018, 2:31:17 AM",1,2.2,1,N,229,79,1,9.5,0.5,0.5,2,0,0.3,12.8,-,-
1,"1/1/2018, 2:38:18 AM","1/1/2018, 2:49:52 AM",3,1.4,1,N,79,211,1,9,0.5,0.5,2.05,0,0.3,12.35,-,-
1,"1/1/2018, 2:54:55 AM","1/1/2018, 3:10:00 AM",3,4.9,1,N,144,112,1,16.5,0.5,0.5,0,0,0.3,17.8,-,-
1,"1/1/2018, 2:12:54 AM","1/1/2018, 2:19:39 AM",1,2.2,1,N,141,263,1,8,0.5,0.5,1,0,0.3,10.3,-,-
1,"1/1/2018, 2:28:59 AM","1/1/2018, 2:32:52 AM",1,0.6,1,N,237,236,2,4.5,0.5,0.5,0,0,0.3,5.8,-,-
1,"1/1/2018, 2:42:42 AM","1/1/2018, 2:48:01 AM",2,0.6,1,N,237,141,1,5,0.5,0.5,1.85,0,0.3,8.15,-,-
1,"1/1/2018, 2:51:32 AM","1/1/2018, 3:05:40 AM",2,1.7,1,N,141,142,1,10.5,0.5,0.5,1.77,0,0.3,13.57,-,-
1,"1/1/2018, 2:55:06 AM","1/1/2018, 3:27:07 AM",1,20.5,2,N,132,231,1,52,0,0.5,10.55,0,0.3,63.35,-,-
2,"1/1/2018, 2:38:05 AM","1/1/2018, 2:54:03 AM",2,3.3,1,N,107,262,1,13.5,0.5,0.5,5.2,0,0.3,20,-,-
2,"1/1/2018, 2:58:38 AM","1/1/2018, 3:03:30 AM",3,0.83,1,N,141,141,1,5.5,0.5,0.5,1.36,0,0.3,8.16,-,-
2,"1/1/2018, 2:11:55 AM","1/1/2018, 2:23:00 AM",1,2.21,1,N,50,239,1,10,0.5,0.5,2.26,0,0.3,13.56,-,-
2,"1/1/2018, 2:29:10 AM","1/1/2018, 3:02:42 AM",2,9.24,1,N,143,33,1,31,0.5,0.5,2.5,0,0.3,34.8,-,-
2,"1/1/2018, 2:01:00 AM","1/1/2018, 2:10:39 AM",1,2.02,1,N,151,75,2,9,0.5,0.5,0,0,0.3,10.3,-,-
2,"1/1/2018, 2:18:19 AM","1/1/2018, 2:22:27 AM",1,0.81,1,N,237,236,1,5,0.5,0.5,1.26,0,0.3,7.56,-,-
2,"1/1/2018, 2:27:29 AM","1/1/2018, 2:33:27 AM",1,1,1,N,237,262,1,6,0.5,0.5,1.46,0,0.3,8.76,-,-
2,"1/1/2018, 2:39:31 AM","1/1/2018, 2:50:04 AM",1,2.3,1,N,262,151,1,10,0.5,0.5,2.26,0,0.3,13.56,-,-
2,"1/1/2018, 2:19:18 AM","1/1/2018, 2:34:09 AM",2,3.44,1,N,132,10,2,14.5,0.5,0.5,0,0,0.3,15.8,-,-
2,"1/1/2018, 2:20:36 AM","1/1/2018, 2:51:12 AM",3,6.1,1,N,144,239,1,24.5,0.5,0.5,3.87,0,0.3,29.67,-,-
2,"1/1/2018, 2:52:14 AM","1/1/2018, 3:02:15 AM",3,2.52,1,N,239,152,1,10,0.5,0.5,2.26,0,0.3,13.56,-,-
2,"1/1/2018, 2:24:24 AM","1/1/2018, 2:45:11 AM",1,2.12,1,N,237,170,1,14,0.5,0.5,3.06,0,0.3,18.36,-,-
1,"1/1/2018, 2:20:14 AM","1/1/2018, 2:23:42 AM",1,0.7,1,N,90,249,1,4.5,0.5,0.5,1.15,0,0.3,6.95,-,-
1,"1/1/2018, 2:35:32 AM","1/1/2018, 2:54:37 AM",2,5.5,1,N,107,112,2,19,0.5,0.5,0,0,0.3,20.3,-,-
1,"1/1/2018, 2:56:41 AM","1/1/2018, 3:11:30 AM",2,2.7,1,N,112,37,1,12,0.5,0.5,2.65,0,0.3,15.95,-,-